PLAYERID,PLAYER,SALARY,POS,TEAM,OPP,SCHEDULE_ID,PARTNERID,INJURY,MINUTES,PTS,REB,AST,3PM,TO,STL,BLK,P-A,P-R,P-R-A,B-S,R-A,2PA,2PM,3PA,FTA,FTM,FGA,FGM,UD,PP,FPTS,FPTS/$,POWN,TEAM_ID,OPP_TEAM_ID,SLATE,CORE_ID,REFID,RGID,FLOOR,CEIL,OPTO,PERFECT,SMASH,SIM15TH,SIM33RD,SIM50TH,SIM66TH,SIM85TH,SIM90TH,SIM99TH,OWNERSHIP
17121,CJ McCollum,6500,PG/SG,ATL,BKN,164222,522878,-,28.5,17.77,3.53,3.61,2.51,1.63,0.73,0.5,21.38,21.3,24.91,1.23,7.14,8.99,3.98,6.52,2.98,2.28,15.51,6.49,29.48,29.48,30.51,4.69,0%,135,126,THURS,12451,1,17121,22.52,39.39,0,0,0,22.37,26.95,30.51,33.56,39.19,41.7,51.11,
574538,Gabe Vincent,3100,PG,ATL,BKN,164222,851253,-,6,1.86,0.37,0.64,0.48,0.15,0.16,0.02,2.5,2.23,2.87,0.18,1.01,0.45,0.17,1.4,0.1,0.08,1.85,0.65,3.65,3.65,3.81,1.23,0%,135,126,THURS,73848,3,574538,1.05,7.65,0,0,0,1.09,2.18,3.81,5.17,7.62,8.98,14.15,
1115445,Nickeil Alexander-Walker,7300,PG/SG,ATL,BKN,164222,1067668,-,32.5,18.5,2.33,3.76,2.91,1.8,1.42,0.27,22.26,20.83,24.59,1.69,6.09,7.56,3.37,7.58,3.52,3.04,15.14,6.28,30.21,30.21,30.99,4.25,0%,135,126,THURS,69666,4,1115445,22.76,40.11,0,0,0,22.79,27.4,30.99,34.58,40.21,42.52,53.53,
2439277,Onyeka Okongwu,7600,C,ATL,BKN,164222,1185367,,29,14.34,7.1,2.9,1.49,1.31,1.37,1.65,17.24,21.44,24.34,3.02,10,7.37,3.88,3.96,2.79,2.13,11.33,5.37,34.96,34.96,33.9,4.46,0%,135,126,THURS,91845,5,2439277,25.86,42.91,0,0,0,25.92,30.41,33.9,37.14,42.38,44.62,54.09,
3005263,Jalen Johnson,10800,PF,ATL,BKN,164222,1230356,,34.5,23.23,8.86,6.37,1.73,2.74,2.12,0.54,29.6,32.09,38.46,2.66,15.23,13.77,6.62,5.08,6.23,4.81,18.85,8.35,48.66,48.66,49.33,4.57,0%,135,126,THURS,165214,6,3005263,39.52,59.68,0,0,0,39.72,45.18,49.33,53.74,59.72,62.31,74.26,
3005340,Corey Kispert,3300,SG/SF,ATL,BKN,164222,1077554,,14,5.62,1.23,1.02,1.02,0.37,0.04,0.12,6.64,6.85,7.87,0.16,2.25,1.9,0.91,2.71,0.95,0.76,4.61,1.93,8.74,8.74,9.33,2.83,0%,135,126,THURS,72585,7,3005340,4.88,14.73,0,0,0,4.92,7.26,9.33,11.4,14.77,16.07,22.55,
3007111,Jonathan Kuminga,6000,SF/PF,ATL,BKN,164222,1271708,Q,23,13.34,5.36,2.6,1.04,1.83,1.05,0.35,15.94,18.7,21.3,1.4,7.96,7.2,3.45,3.08,4.61,3.32,10.28,4.49,26.04,26.04,26.39,4.4,0%,135,126,THURS,165213,8,3007111,19.48,34.06,0,0,0,19.79,23.6,26.39,29.69,34.26,36.29,44.91,
3012652,Jock Landale,3700,C,ATL,BKN,164222,850308,,17,7.19,2.97,1.14,0.63,0.36,0.34,0.42,8.33,10.16,11.3,0.76,4.11,4.11,2.07,1.62,1.69,1.17,5.73,2.7,14.38,14.38,14.27,3.86,0%,135,126,THURS,74198,9,3012652,9.22,20.11,0,0,0,9.17,11.98,14.27,16.56,20.13,21.66,28.79,
3587993,Dyson Daniels,6800,SG/SF,ATL,BKN,164222,1357745,Q,32,10.27,6.36,5.8,0.42,1.02,2.01,0.6,16.07,16.63,22.43,2.61,12.16,7.95,4.03,1.64,1.55,0.93,9.59,4.45,33.41,33.41,31.98,4.7,0%,135,126,THURS,195261,12,3587993,24.7,40.11,0,0,0,24.93,28.71,31.98,35.25,40.04,42.05,51.62,
4388493,Keaton Wallace,3000,PG,ATL,BKN,164222,1063166,,1,0.39,0.05,0.09,0.08,0.05,0.01,0,0.48,0.44,0.53,0.01,0.14,0.17,0.07,0.22,0.03,0.02,0.39,0.15,0.57,0.57,0.62,0.21,0%,135,126,THURS,245561,13,4388493,0.62,0.62,0,0,0,0.27,0.44,0.62,0.8,1.06,1.13,1.18,
4878163,Mouhamed Gueye,3200,PF/C,ATL,BKN,164222,1325101,,3,0.76,0.85,0.07,0.09,0.06,0.12,0.09,0.83,1.61,1.68,0.21,0.92,0.39,0.18,0.32,0.2,0.13,0.71,0.27,2.46,2.46,2.36,0.74,0%,135,126,THURS,180180,14,4878163,0.35,5,0,0,0,0,1.48,2.36,3.54,5.31,6.2,10.03,
6412725,Zaccharie Risacher,3800,SF,ATL,BKN,164222,1432544,,19.5,6.08,3.51,0.68,0.91,0.54,1.11,0.46,6.76,9.59,10.27,1.57,4.19,3.09,1.32,2.6,1.09,0.71,5.69,2.23,15.48,15.48,14.81,3.9,0%,135,126,THURS,368366,16,6412725,9.44,20.97,0,0,0,9.45,12.51,14.81,17.11,21.19,22.73,29.37,
1115132,Nic Claxton,5800,C,BKN,ATL,164222,1061682,,28,12.08,7.08,3.26,0.06,1.62,0.74,0.97,15.34,19.16,22.42,1.71,10.34,8.64,4.89,0.29,3.73,2.14,8.93,4.95,28.98,28.98,28.64,4.94,0%,126,135,THURS,71024,22,1115132,21.72,36.31,0,0,0,22.01,25.85,28.64,31.68,36.24,38.3,46.64,
1115590,Terance Mann,3600,PG/SG,BKN,ATL,164222,879504,,4,1.63,0.49,0.51,0.19,0.29,0.05,0.05,2.14,2.12,2.63,0.1,1,0.82,0.41,0.51,0.29,0.23,1.33,0.6,2.99,2.99,3.16,0.88,0%,126,135,THURS,74628,23,1115590,1.06,5.71,0,0,0,1.05,2.28,3.16,4.21,5.79,6.5,9.48,
3005396,Ziaire Williams,4500,SG/SF,BKN,ATL,164222,1231313,Q,24,9.93,3.24,1.45,1.69,1.14,1.53,0.14,11.38,13.17,14.62,1.67,4.69,3.35,1.39,5.09,2.43,2.07,8.44,3.08,19.86,19.86,19.77,4.39,0%,126,135,THURS,149033,25,3005396,13.37,27.13,0,0,0,12.93,16.73,19.77,22.56,26.87,28.64,37.01,
3587751,Ochai Agbaji,3400,SG/SF,BKN,ATL,164222,1132831,,10,4.24,1.69,0.74,0.56,0.62,0.34,0.25,4.98,5.93,6.67,0.59,2.43,2.2,1.09,1.73,0.51,0.38,3.93,1.65,8.53,8.53,8.61,2.53,0%,126,135,THURS,72696,27,3587751,4.46,13.66,0,0,0,4.7,6.78,8.61,10.7,13.83,15.13,20.61,
3587995,E.J. Liddell,3200,C,BKN,ATL,164222,1176246,,12,4.49,2.83,1.01,0.84,0.59,0.24,0.19,5.5,7.32,8.33,0.43,3.84,1.54,0.74,2.61,0.64,0.49,4.15,1.58,10.1,10.1,10.53,3.29,0%,126,135,THURS,89615,28,3587995,6.01,18.43,0,0,0,6.16,8.48,10.53,12.58,15.92,17.46,24.14,
3588057,Josh Minott,3200,SF/PF,BKN,ATL,164222,1324299,,18,8.01,3.34,0.88,1.37,1.53,1.14,0.37,8.89,11.35,12.23,1.51,4.22,3.13,1.44,3.54,1.28,1.03,6.67,2.81,16.34,16.34,16.45,5.14,0%,126,135,THURS,179736,29,3588057,10.51,23.27,0,0,0,10.38,13.67,16.45,18.98,23.03,24.8,32.65,
3597454,Tyson Etienne,3100,PG,BKN,ATL,164222,1175318,,10,5.3,0.34,1.37,1.4,0.66,0.02,0.01,6.67,5.64,7.01,0.03,1.71,0.67,0.21,4.33,0.98,0.68,5,1.61,7.19,7.19,8.21,2.65,0%,126,135,THURS,90201,30,3597454,3.63,13.79,0,0,0,3.71,6.09,8.21,10.59,13.77,15.36,21.45,
4878197,Noah Clowney,5100,PF,BKN,ATL,164222,1401380,,24,14.95,3.41,1.85,2.62,1.69,0.81,0.4,16.8,18.36,20.21,1.21,5.26,4.45,1.79,7.79,4.37,3.51,12.24,4.41,23.76,23.76,24.87,4.88,0%,126,135,THURS,244975,31,4878197,16.93,33.74,0,0,0,16.68,21.36,24.87,28.38,33.94,35.99,46.23,
4878198,Jalen Wilson,3300,PF,BKN,ATL,164222,1174884,,20,8.93,2.24,1.07,1.52,0.8,0.51,0.03,10,11.17,12.24,0.54,3.31,3.21,1.29,4.39,2.28,1.79,7.6,2.81,14.04,14.04,14.78,4.48,0%,126,135,THURS,90541,32,4878198,9.09,21.35,0,0,0,9.33,12.45,14.78,17.37,21.52,23.08,30.86,
8985497,Drake Powell,3500,SG,BKN,ATL,164222,1542179,,28,9.06,3.3,2.65,1.27,2.13,0.43,0.16,11.71,12.36,15.01,0.59,5.95,3.83,1.58,4.28,2.31,2.08,8.11,2.85,16.64,16.64,17.91,5.12,0%,126,135,THURS,503267,34,8985497,11.92,24.76,0,0,0,12.11,15.14,17.91,20.43,24.47,25.98,33.3,
8985499,Danny Wolf,4800,PF/C,BKN,ATL,164222,1415928,,28,14.43,7.31,3.29,2.02,2.02,0.65,1.06,17.72,21.74,25.03,1.71,10.6,6.7,2.83,6.23,3.53,2.72,12.93,4.85,31.25,31.25,32.16,6.7,0%,126,135,THURS,247158,36,8985499,24.12,41.07,0,0,0,24.31,28.61,32.16,35.96,41.28,43.3,52.17,
8998169,Ben Saraf,3700,PG,BKN,ATL,164222,1590554,,26,8.88,2.63,4.55,0.81,2.51,0.73,0.19,13.43,11.51,16.06,0.92,7.18,5.33,1.93,3.43,3.26,2.61,8.76,2.74,19.11,19.11,19.99,5.4,0%,126,135,THURS,622358,37,8998169,13.92,26.86,0,0,0,14.1,17.43,19.99,22.81,27.17,28.96,37.16,
11247108,Chaney Johnson,3100,PF,BKN,ATL,164222,1475170,,8,3.76,1.58,0.37,0.33,0.46,0.27,0.04,4.13,5.34,5.71,0.31,1.95,2.05,0.92,0.96,1.23,0.92,3.01,1.25,6.68,6.68,6.85,2.21,0%,126,135,THURS,263712,39,11247108,3.53,10.93,0,0,0,3.43,5.25,6.85,8.22,10.73,11.87,16.44,
35181,Jaylen Brown,9300,SG/SF,BOS,OKC,164225,883436,,36,22.79,8.67,6.03,1.87,3.4,1.04,0.41,28.82,31.46,37.49,1.45,14.7,13.05,6.14,5.46,6.39,4.9,18.51,8.01,43.19,43.19,45.27,4.87,0%,125,148,THURS,28025,41,35181,35.68,55.46,0,0,0,35.47,41.21,45.27,49.51,55.59,58.24,68.57,
37782,Jayson Tatum,8300,PF,BOS,OKC,164225,937647,Q,27,18.92,7,3.37,2.47,2.25,1.01,0.32,22.29,25.92,29.29,1.33,10.37,7.97,3.49,7.26,5.4,4.52,15.23,5.96,34.12,34.12,35.65,4.3,0%,125,148,THURS,38272,42,37782,27.06,45.04,0,0,0,26.93,31.8,35.65,38.98,44.37,46.68,56.68,
37858,Derrick White,8000,PG,BOS,OKC,164225,796009,Q,36,15.26,4.53,5.4,2.57,1.46,0.86,1.32,20.66,19.79,25.19,2.18,9.93,6.2,2.6,7.25,2.66,2.34,13.45,5.17,33.88,33.88,34,4.25,0%,125,148,THURS,38299,43,37858,25.63,43.2,0,0,0,25.88,30.45,34,37.55,43.13,45.16,54.81,
2439093,Payton Pritchard,6600,PG/SG,BOS,OKC,164225,945610,,33,15.14,3.55,4.45,2.63,1.57,0.66,0.23,19.59,18.69,23.14,0.89,8,6.34,2.95,6.86,1.56,1.34,13.2,5.58,27.18,27.18,28.58,4.33,0%,125,148,THURS,73477,44,2439093,20.78,37.36,0,0,0,20.86,25.23,28.58,31.93,37.33,39.39,49.95,
3005208,Luka Garza,3800,C,BOS,OKC,164225,1061057,,17,6.76,4.06,0.8,0.68,0.65,0.32,0.37,7.56,10.82,11.62,0.69,4.86,3.1,1.64,1.76,1.94,1.45,4.86,2.32,14.25,14.25,14.43,3.8,0%,125,148,THURS,72919,45,3005208,9.26,20.35,0,0,0,9.53,12.37,14.43,16.49,20.1,21.65,28.6,
3005606,Neemias Queta,6100,C,BOS,OKC,164225,1142902,,28,8.96,9.76,1.08,0,1.23,0.64,1.32,10.04,18.72,19.8,1.96,10.84,5.73,3.67,0,2.31,1.62,5.73,3.67,26.94,26.94,26.32,4.31,0%,125,148,THURS,86307,46,3005606,19.69,34.05,0,0,0,19.61,23.48,26.32,29.16,34.06,36.13,43.87,
3022247,Sam Hauser,4800,SF/PF,BOS,OKC,164225,922378,,29,9.43,4.85,1.09,2.71,0.43,0.37,0.46,10.52,14.28,15.37,0.83,5.94,1.33,0.56,6.72,0.19,0.18,8.05,3.27,18.95,18.95,19.94,4.15,0%,125,148,THURS,72761,47,3022247,13.06,27.78,0,0,0,13.38,17.05,19.94,23.09,27.81,29.91,39.36,
4878181,Jordan Walsh,3000,PF,BOS,OKC,164225,1401388,,1,0.25,0.23,0.02,0.04,0.03,0.01,0.01,0.27,0.48,0.5,0.02,0.25,0.1,0.05,0.11,0.05,0.03,0.21,0.09,0.59,0.59,0.61,0.2,0%,125,148,THURS,245001,48,4878181,0.61,0.61,0,0,0,0.26,0.44,0.61,0.78,1.05,1.11,1.16,
6412744,Baylor Scheierman,4300,SG,BOS,OKC,164225,1177129,,25,6.3,5.19,1.67,1.49,0.84,0.44,0.09,7.97,11.49,13.16,0.53,6.86,1.55,0.69,4.02,0.51,0.43,5.57,2.18,15.78,15.78,16.68,3.88,0%,125,148,THURS,90655,49,6412744,10.76,23.43,0,0,0,10.86,14.03,16.68,19.33,23.56,25.42,33.36,
8998149,Hugo Gonzalez,3200,SG/SF,BOS,OKC,164225,1590553,,8,1.61,1.97,0.37,0.25,0.21,0.17,0.37,1.98,3.58,3.95,0.54,2.34,0.83,0.39,0.74,0.19,0.08,1.57,0.64,5.94,5.94,5.73,1.79,0%,125,148,THURS,622359,50,8998149,2.67,9.81,0,0,0,2.73,4.37,5.73,7.37,10.1,11.19,16.37,
35176,Guerschon Yabusele,5100,PF/C,CHI,LAL,164226,920087,Q,23,8.05,5.44,1.8,1.31,0.95,0.72,0.22,9.85,13.49,15.29,0.94,7.24,3.25,1.44,3.6,1.71,1.22,6.85,2.75,19.15,19.15,19.63,3.85,0%,130,152,THURS,28058,59,35176,13.42,26.69,0,0,0,13.43,16.79,19.63,22.21,26.6,28.15,37.19,
408896,Collin Sexton,5300,SG/SF,CHI,LAL,164226,1061642,Q,24,14.34,2.08,2.31,1.4,1.81,1.23,0.1,16.65,16.42,18.73,1.33,4.39,7.1,3.51,3.52,3.65,3.13,10.62,4.91,22.48,22.48,22.86,4.31,0%,130,152,THURS,75326,61,408896,16.02,30.51,0,0,0,16,19.81,22.86,25.91,30.48,32.26,40.64,
2439190,Patrick Williams,,,CHI,LAL,164226,1174904,Q,14.5,5.07,1.41,1.28,0.93,0.64,0.29,0.23,6.35,6.48,7.76,0.52,2.69,2.17,0.87,2.53,0.75,0.53,4.7,1.8,9.6,9.6,9.94,32,0%,130,152,THURS,91367,63,2439190,5.33,15.49,0,0,0,5.1,7.9,9.94,11.98,15.55,17.08,23.45,
2439210,Isaac Okoro,4100,SG/SF,CHI,LAL,164226,1193432,Q,28,8.87,2,1.59,1.4,0.63,0.63,0.11,10.46,10.87,12.46,0.74,3.59,3.75,1.64,4,1.86,1.4,7.75,3.04,15.25,15.25,15.62,3.81,0%,130,152,THURS,92179,64,2439210,9.88,22.18,0,0,0,9.99,13.06,15.62,18.18,22.28,23.81,31.5,
2439422,Nick Richards,4200,C,CHI,LAL,164226,1067853,,20,8.7,7.1,0.43,0.02,1.56,0.4,0.75,9.13,15.8,16.23,1.15,7.53,5.6,3.18,0.11,3.24,2.29,5.71,3.2,19.76,19.76,19.83,4.72,0%,130,152,THURS,69992,65,2439422,14.08,26.27,0,0,0,14.16,17.25,19.83,22.41,26.53,28.07,35.28,
2439441,Tre Jones,5500,PG/SG,CHI,LAL,164226,1132030,,26.5,13.14,2.49,4.41,0.84,1.19,1.04,0.13,17.55,15.63,20.04,1.17,6.9,7.38,3.9,2.39,3.4,2.81,9.77,4.74,25.06,25.06,25.05,4.55,0%,130,152,THURS,161288,66,2439441,18.29,32.55,0,0,0,18.34,22.21,25.05,28.15,32.8,34.86,42.87,
2439601,Jalen Smith,5600,C,CHI,LAL,164226,1133792,,24,11,6.99,1.17,1.66,1.05,0.62,0.59,12.17,17.99,19.16,1.21,8.16,4.4,2.13,4.71,2.35,1.74,9.11,3.79,23.72,23.72,24.33,4.34,0%,130,152,THURS,70255,67,2439601,17.36,32.41,0,0,0,17.42,21.26,24.33,27.4,32.27,34.32,44.31,
3007077,Josh Giddey,8500,PG,CHI,LAL,164226,1323503,,32,17.53,7.16,8.35,1.45,3.6,1.05,0.4,25.88,24.69,33.04,1.45,15.51,10.53,4.83,3.88,4.56,3.51,14.41,6.28,39.4,39.4,41.34,4.86,0%,130,152,THURS,165223,68,3007077,32.19,51.27,0,0,0,31.92,37.42,41.34,45,51.02,53.64,63.32,
4874401,Leonard Miller,4300,SF/PF,CHI,LAL,164226,1376841,,1,0.41,0.25,0.04,0.03,0.06,0.02,0.02,0.45,0.66,0.7,0.04,0.29,0.22,0.13,0.12,0.09,0.07,0.34,0.16,0.83,0.83,0.85,0.2,0%,130,152,THURS,260189,70,4874401,0.85,0.85,0,0,0,0.36,0.61,0.85,1.09,1.46,1.55,1.62,
6412799,Matas Buzelis,7300,SF/PF,CHI,LAL,164226,1501940,,30,18.53,5.3,2.36,1.99,2.24,0.57,1.35,20.89,23.83,26.19,1.92,7.66,10.17,4.74,5.48,3.91,3.08,15.65,6.73,31.95,31.95,32.45,4.45,0%,130,152,THURS,368367,71,6412799,24.37,41.29,0,0,0,24.34,28.9,32.45,35.75,41.32,43.35,53.24,
6413060,Robert Dillingham,4000,PG,CHI,LAL,164226,1429354,,16,5.86,2.24,2.07,0.63,1.42,0.85,0.01,7.93,8.1,10.17,0.86,4.31,4.66,1.71,2.02,0.77,0.54,6.68,2.34,12.81,12.81,13.09,3.27,0%,130,152,THURS,288775,72,6413060,8.03,18.93,0,0,0,7.96,11.04,13.09,15.4,18.99,20.53,27.21,
6985279,Yuki Kawamura,3000,PG,CHI,LAL,164226,1453977,,1,0.22,0.13,0.21,0.04,0.04,0.04,0,0.43,0.35,0.56,0.04,0.34,0.04,0.01,0.14,0.07,0.06,0.18,0.05,0.77,0.77,0.78,0.26,0%,130,152,THURS,504738,74,6985279,0.78,0.78,0,0,0,0.33,0.56,0.78,1,1.34,1.42,1.49,
13990,Khris Middleton,4800,SF/PF,DAL,MEM,164223,512053,,24,11.42,3.19,2.83,1.19,1.88,0.5,0.03,14.25,14.61,17.44,0.53,6.02,6.25,2.81,3.44,2.61,2.24,9.69,4,19.2,19.2,20.37,4.24,0%,140,142,THURS,12405,81,13990,14.05,29.74,0,0,0,14,17.74,20.37,22.92,26.99,28.77,36.67,
18566,Dwight Powell,3600,C,DAL,MEM,164223,552309,,1,0.23,0.28,0.04,0,0.04,0.03,0.03,0.27,0.51,0.55,0.06,0.32,0.1,0.06,0,0.14,0.09,0.1,0.06,0.77,0.77,0.74,0.21,0%,140,142,THURS,12550,82,18566,0.74,0.74,0,0,0,0.32,0.53,0.74,0.95,1.27,1.35,1.41,
409321,Marvin Bagley,4200,C,DAL,MEM,164223,1076209,,21,11.7,7.16,1.55,0.32,1.28,0.34,0.51,13.25,18.86,20.41,0.85,8.71,7.21,4.34,0.82,2.99,2.06,8.03,4.66,23.89,23.89,24.35,5.8,0%,140,142,THURS,75292,83,409321,17.94,31.74,0,0,0,17.69,21.53,24.35,27.17,31.78,33.83,42.29,
1115204,Daniel Gafford,5000,C,DAL,MEM,164223,1061647,,23.5,11.64,8.27,1.57,0,1.92,0.89,1.09,13.21,19.91,21.48,1.98,9.84,6.59,4.59,0,3.52,2.46,6.59,4.59,27.94,27.94,27.61,5.52,0%,140,142,THURS,71699,84,1115204,20.68,35.41,0,0,0,20.58,24.35,27.61,30.37,35.14,36.9,44.93,
1115314,PJ Washington,5900,PF,DAL,MEM,164223,1067857,,30.5,14.55,5.78,1.99,1.52,1.78,0.92,0.56,16.54,20.33,22.32,1.48,7.77,8.44,3.62,4.54,3.96,2.75,12.98,5.14,27.13,27.13,27.66,4.69,0%,140,142,THURS,69997,85,1115314,20.3,35.98,0,0,0,20.49,24.59,27.66,30.99,36.11,38.16,47.89,
1203483,Caleb Martin,3300,SF/PF,DAL,MEM,164223,842969,,14,3.14,2.23,0.52,0.36,0.61,0.51,0.19,3.66,5.37,5.89,0.7,2.75,1.72,0.77,1.01,0.82,0.52,2.73,1.13,8.09,8.09,7.98,2.42,0%,140,142,THURS,73187,86,1203483,4.19,12.65,0,0,0,4.12,6.18,7.98,9.52,12.61,13.64,19.56,
2484012,Naji Marshall,6000,SG,DAL,MEM,164223,1060704,,30.5,14.22,3.11,3.45,1.03,1.66,0.98,0.09,17.67,17.33,20.78,1.07,6.56,8.11,4.13,3.43,3.66,2.86,11.54,5.16,24.68,24.68,25.11,4.19,0%,140,142,THURS,70165,87,2484012,18.15,32.76,0,0,0,18.19,22.04,25.11,28.18,33.05,34.85,43.05,
3267960,Brandon Williams,5300,PG/SG,DAL,MEM,164223,1134688,,20,10.85,2.36,3.36,0.62,1.56,0.32,0.43,14.21,13.21,16.57,0.75,5.72,5.82,2.88,2.22,4.08,3.23,8.04,3.5,19.41,19.41,19.87,3.75,0%,140,142,THURS,87233,88,3267960,13.97,26.44,0,0,0,14.01,17.32,19.87,22.42,26.49,28.02,35.92,
3588176,Max Christie,4600,SG,DAL,MEM,164223,1340703,,29.5,12.13,3.18,1.6,2.17,1.3,0.6,0.07,13.73,15.31,16.91,0.67,4.78,4.36,1.81,5.54,2.3,2,9.9,3.98,19.06,19.06,20.28,4.41,0%,140,142,THURS,179747,89,3588176,13.54,27.9,0,0,0,13.61,17.46,20.28,23.36,27.72,29.78,38.51,
6413040,AJ Johnson,3000,PG/SG,DAL,MEM,164223,1502175,,2,0.52,0.2,0.1,0.06,0.1,0.02,0,0.62,0.72,0.82,0.02,0.3,0.37,0.13,0.25,0.11,0.09,0.62,0.19,0.87,0.87,0.94,0.31,0%,140,142,THURS,449000,91,6413040,0.94,0.94,0,0,0,0.4,0.67,0.94,1.21,1.61,1.71,1.79,
8985575,Cooper Flagg,8500,PG/SF,DAL,MEM,164223,1519128,,32,25.8,7.23,4.55,1.52,2.83,1.12,1.14,30.35,33.03,37.58,2.26,11.78,17.05,7.85,5.09,6.86,5.52,22.14,9.37,45.25,45.25,45.79,5.39,0%,140,142,THURS,458047,93,8985575,36.39,55.81,0,0,0,36.48,41.65,45.79,49.93,56.14,58.47,70.11,
9147605,Ryan Nembhard,3200,PG,DAL,MEM,164223,1323621,,12,3.62,0.97,3.06,0.5,0.98,0.61,0.02,6.68,4.59,7.65,0.63,4.03,2.42,0.95,1.33,0.27,0.21,3.75,1.45,10.28,10.28,10.44,3.26,0%,140,142,THURS,179441,95,9147605,6.03,15.55,0,0,0,5.97,8.45,10.44,12.18,15.41,16.65,22.37,
13301,Jonas Valanciunas,3500,C,DEN,SAS,164224,599780,,11,5.92,3.62,0.64,0.08,1.14,0.29,0.26,6.56,9.54,10.18,0.55,4.26,3.99,2.26,0.33,1.41,1.16,4.32,2.34,11.73,11.73,11.98,3.42,0.48%,145,144,THURS,12323,100,13301,7.58,16.77,0,0,0.16,7.49,9.98,11.98,14.23,17.22,18.49,24.46,
16879,Tim Hardaway Jr.,4800,SF,DEN,SAS,164224,551771,,26.5,10.65,2.29,1.12,2.2,0.53,0.36,0.18,11.77,12.94,14.06,0.54,3.41,2.71,1.21,5.73,2.01,1.65,8.44,3.41,16.17,16.17,17.11,3.56,0.15%,145,144,THURS,12479,101,16879,10.92,24.23,1.63,1.63,2.21,10.57,14.34,17.11,19.88,24.41,26.17,34.47,
18601,Aaron Gordon,6500,PF,DEN,SAS,164224,748788,,28,17.35,6.55,2.88,1.97,1.31,0.9,0.22,20.23,23.9,26.78,1.12,9.43,7.24,3.64,4.96,5.23,4.15,12.2,5.61,31.58,31.58,32.68,5.03,3.73%,145,144,THURS,12545,102,18601,24.91,41.25,6.47,6.47,23.81,25.18,29.05,32.68,35.83,41.15,43.57,52.53,
31812,Nikola Jokic,12500,C,DEN,SAS,164224,830650,,36.5,28.47,13.12,8.58,2.12,4.1,1.32,0.91,37.05,41.59,50.17,2.23,21.7,13.96,7.7,5.29,8.24,6.73,19.25,9.82,59.67,59.67,62.86,5.03,37.45%,145,144,THURS,12576,104,31812,52.26,73.86,36.59,36.59,23.97,52.55,58.33,62.86,67.13,73.67,76.44,88,
35211,Jamal Murray,9000,PG,DEN,SAS,164224,891352,,36,24.16,3.95,5.66,2.89,1.97,0.57,0.66,29.82,28.11,33.77,1.23,9.61,11.71,5.57,6.98,4.95,4.35,18.69,8.46,39.11,39.11,40.58,4.51,15.20%,145,144,THURS,28062,105,35211,31.54,50.33,17.17,17.17,11.21,31.7,36.78,40.58,44.64,50.73,53.26,63.15,
408913,Bruce Brown,4600,PG/SG,DEN,SAS,164224,941834,,20.5,4.92,3.08,1.55,0.4,0.83,1.22,0.17,6.47,8,9.55,1.39,4.63,3.24,1.46,1.13,1.03,0.79,4.37,1.86,14.28,14.28,13.66,2.97,0.05%,145,144,THURS,75331,106,408913,8.87,19.18,0.24,0.24,0.08,8.78,11.46,13.66,15.61,19.03,20.73,26.83,
1115625,Cameron Johnson,5800,SF/PF,DEN,SAS,164224,843005,,26,8.05,3.39,2.04,1.31,0.57,0.48,0.39,10.09,11.44,13.48,0.87,5.43,2.76,1.21,3.3,1.94,1.68,6.06,2.52,17.22,17.22,17.46,3.01,0.28%,145,144,THURS,70669,107,1115625,11.78,23.93,0.26,0.26,0.32,11.88,15.04,17.46,19.88,24.01,25.71,33.71,
3588037,Christian Braun,5500,SG,DEN,SAS,164224,1174878,,34,10.43,5.19,2.68,0.91,1.04,0.6,0.38,13.11,15.62,18.3,0.98,7.87,5.57,2.94,2.67,2.36,1.82,8.24,3.85,22.58,22.58,22.88,4.16,2.37%,145,144,THURS,90542,110,3588037,16.62,29.81,5.57,5.57,5.37,16.31,19.96,22.88,25.56,29.7,31.64,39.19,
4878295,Julian Strawther,3900,SG/SF,DEN,SAS,164224,1241584,,6,1.91,0.59,0.25,0.23,0.17,0.16,0.05,2.16,2.5,2.75,0.21,0.84,1.01,0.45,0.67,0.39,0.31,1.68,0.68,3.45,3.45,3.47,0.89,0.38%,145,144,THURS,149531,112,4878295,1.07,6.87,0,0,0,1.07,2.14,3.47,4.8,6.94,8.01,12.28,
6863241,Spencer Jones,3600,PF,DEN,SAS,164224,1176586,,15.5,4.48,2.11,0.82,0.68,0.56,0.52,0.27,5.3,6.59,7.41,0.79,2.93,2.06,0.9,1.98,0.85,0.63,4.04,1.58,10.05,10.05,9.99,2.78,0.05%,145,144,THURS,89746,115,6863241,5.59,15.19,0,0,0.03,5.49,7.99,9.99,11.74,14.99,16.23,21.98,
13332,Tobias Harris,5600,PF,DET,PHI,164220,552523,,26,11.43,5.3,1.16,1.13,0.94,0.86,0.26,12.59,16.73,17.89,1.12,6.46,6.53,2.98,3.28,2.39,2.08,9.81,4.11,21.95,21.95,22.16,3.96,0%,132,128,THURS,12337,121,13332,15.73,29.46,0,0,0,15.61,19.39,22.16,24.93,29.21,30.97,39.03,
408969,Kevin Huerter,3900,SG/SF,DET,PHI,164220,944785,,20,7.71,2.97,2.32,1.24,0.6,0.96,1.05,10.03,10.68,13,2.01,5.29,3.96,1.67,3.96,0.88,0.65,7.92,2.91,20.18,20.18,19.24,4.93,0%,132,128,THURS,70259,124,408969,13.12,26.14,0,0,0,13.24,16.49,19.24,21.99,26.24,27.74,36.23,
555145,Duncan Robinson,4300,SG,DET,PHI,164220,854591,,25,9.79,2.3,2.51,2.41,0.52,0.45,0.42,12.3,12.09,14.6,0.87,4.81,1.97,0.86,6.18,1.06,0.86,8.15,3.27,18.41,18.41,19.12,4.45,0%,132,128,THURS,74104,125,555145,12.54,26.58,0,0,0,12.58,16.1,19.12,21.89,26.67,28.68,36.73,
1193057,Javonte Green,4000,SF/PF,DET,PHI,164220,624174,,18,7.37,3.12,0.42,1.07,0.54,0.87,0.43,7.79,10.49,10.91,1.3,3.54,2.96,1.27,3.11,2.03,1.6,6.07,2.34,15.1,15.1,14.77,3.69,0%,132,128,THURS,92980,126,1193057,9.34,20.97,0,0,0,9.42,12.48,14.77,17.06,20.88,22.66,29.54,
2439153,Paul Reed,3400,C,DET,PHI,164220,1076238,,6,3.56,2.69,0.31,0.13,0.45,0.29,0.32,3.87,6.25,6.56,0.61,3,2.22,1.27,0.37,0.91,0.62,2.59,1.4,8.63,8.63,8.45,2.49,0%,132,128,THURS,73899,127,2439153,4.67,12.89,0,0,0,4.61,6.66,8.45,9.99,12.8,13.83,19.2,
2439495,Isaiah Stewart,4400,PF/C,DET,PHI,164220,1177050,,22,8.7,4.16,1.07,0.62,1.01,0.42,0.83,9.77,12.86,13.93,1.25,5.23,4.67,2.57,1.79,2.25,1.7,6.46,3.19,18.04,18.04,17.82,4.05,0%,132,128,THURS,90783,128,2439495,12.11,24.16,0,0,0,12.3,15.56,17.82,20.33,24.09,25.85,33.88,
3005207,Cade Cunningham,10900,PG,DET,PHI,164220,1232182,,34,24.43,5.22,10.34,2.03,4.02,1.37,0.97,34.77,29.65,39.99,2.34,15.56,13.99,6.39,5.79,6.73,5.57,19.78,8.42,49.2,49.2,50.76,4.66,0%,132,128,THURS,122680,129,3005207,40.59,61.56,0,0,0,40.5,46.29,50.76,54.71,61.28,64.44,76.27,
3587772,Jalen Duren,7900,C,DET,PHI,164220,1344765,,26,19.29,11.1,1.15,0,1.54,0.69,0.75,20.44,30.39,31.54,1.44,12.25,11.12,7.1,0,7,5.08,11.12,7.1,37.12,37.12,37.93,4.8,0%,132,128,THURS,179734,130,3587772,29.78,46.28,0,0,0,29.78,34.62,37.93,41.49,47.09,48.88,58.55,
4878314,Marcus Sasser,4100,PG/SG,DET,PHI,164220,1174920,,23,8.1,1.42,3.73,1.42,1.72,1.11,0.17,11.83,9.52,13.25,1.28,5.15,3.38,1.38,3.73,1.21,1.08,7.11,2.8,17.52,17.52,17.88,4.36,0%,132,128,THURS,90129,132,4878314,11.83,24.8,0,0,0,11.76,15.19,17.88,20.33,24.49,26.21,34.54,
6412876,Ronald Holland II,4200,PF,DET,PHI,164220,1501942,,18,7.23,4.87,0.66,0.57,0.95,0.86,0.27,7.89,12.1,12.76,1.13,5.53,4.16,1.89,2.48,2.22,1.75,6.64,2.46,16.5,16.5,16.39,3.9,0%,132,128,THURS,368369,134,6412876,10.96,22.45,0,0,0,11.01,13.83,16.39,18.69,22.54,24.1,31.76,
6447997,Daniss Jenkins,3800,PG,DET,PHI,164220,1182387,,21,8.94,2.29,2.34,1.05,1.65,0.85,0.45,11.28,11.23,13.57,1.3,4.63,5.26,1.97,2.96,2.44,1.84,8.22,3.02,17.45,17.45,17.61,4.63,0%,132,128,THURS,91330,135,6447997,11.71,24.26,0,0,0,11.57,15.09,17.61,20.38,24.4,25.91,33.96,
8998291,Chaz Lanier,3000,SF,DET,PHI,164220,1232481,,1,0.33,0.15,0.07,0.05,0.04,0.04,0.02,0.4,0.48,0.55,0.06,0.22,0.15,0.07,0.15,0.07,0.05,0.3,0.12,0.76,0.76,0.75,0.25,0%,132,128,THURS,149234,138,8998291,0.75,0.75,0,0,0,0.32,0.54,0.75,0.96,1.29,1.37,1.43,
18956,T.J. McConnell,4200,PG,IND,PHO,164218,551787,Q,17,9.06,2.1,3.61,0.42,1.21,0.76,0.05,12.67,11.16,14.77,0.81,5.71,6.73,3.54,1.18,0.88,0.71,7.91,3.96,18.22,18.22,18.33,4.36,0%,133,153,THURS,22393,141,18956,12.55,24.73,0,0,0,12.47,15.78,18.33,20.71,24.69,26.22,33.6,
35226,Ivica Zubac,6400,C,IND,PHO,164218,920093,Q,20,10.02,7.56,1.05,0,1.36,0.16,0.37,11.07,17.58,18.63,0.53,8.61,6.73,4.23,0,2.26,1.56,6.73,4.23,20.9,20.9,21.62,3.38,0%,133,153,THURS,27986,143,35226,15.76,28.54,0,0,0,15.66,19.13,21.62,24.11,28.33,30.07,37.28,
2439096,Aaron Nesmith,5400,SG,IND,PHO,164218,1134264,Q,27.5,12.59,3.07,1.92,2.09,1.17,0.46,0.59,14.51,15.66,17.58,1.05,4.99,4.64,2.04,5.36,2.58,2.24,10,4.13,21.13,21.13,21.87,4.05,0%,133,153,THURS,87350,145,2439096,15.1,29.49,0,0,0,15.16,18.89,21.87,24.6,29.08,31.07,40.26,
2439136,Obi Toppin,3700,PF/C,IND,PHO,164218,1076274,,14,6.89,3.76,1.1,0.91,0.77,0.46,0.07,7.99,10.65,11.75,0.53,4.86,3.11,1.51,2.95,1.41,1.13,6.06,2.42,13.87,13.87,14.37,3.88,0%,133,153,THURS,70418,146,2439136,8.75,20.81,0,0,0,8.68,11.98,14.37,16.76,20.66,22.45,30.84,
3028281,Jay Huff,5700,C,IND,PHO,164218,942843,,24,11.42,4.22,1.62,2.11,1.14,0.57,1.7,13.04,15.64,17.26,2.27,5.84,3.56,1.71,6.16,2.05,1.67,9.72,3.82,24.58,24.58,24.16,4.24,0%,133,153,THURS,70219,148,3028281,17.1,32.18,0,0,0,16.94,20.92,24.16,27.15,32.13,34.37,43.59,
3587792,Andrew Nembhard,6200,PG,IND,PHO,164218,1134158,Q,29.5,15.2,2.7,6.99,1.67,2.67,0.97,0.05,22.19,17.9,24.89,1.02,9.69,7.93,3.58,4.66,3.76,3.03,12.59,5.25,29.32,29.32,30.75,4.96,0%,133,153,THURS,87352,149,3587792,22.93,39.44,0,0,0,22.81,27.16,30.75,34.34,39.72,41.77,51.76,
4878371,Jarace Walker,6700,SF,IND,PHO,164218,1402709,,31.5,13.48,6.71,3.28,2.04,2.17,1.15,0.32,16.76,20.19,23.47,1.47,9.99,5.84,2.54,5.41,3.07,2.26,11.25,4.58,28.69,28.69,29.8,4.45,0%,133,153,THURS,245149,151,4878371,21.89,38.65,0,0,0,21.82,26.34,29.8,32.99,38.58,40.98,50.82,
4878372,Ben Sheppard,3700,SG/SF,IND,PHO,164218,1175324,,23,7.48,2.57,1.95,1.44,0.82,0.7,0.01,9.43,10.05,12,0.71,4.52,2.81,1.21,4.22,0.88,0.72,7.03,2.65,14.8,14.8,15.35,4.15,0%,133,153,THURS,90773,152,4878372,9.68,21.92,0,0,0,9.72,13.05,15.35,17.91,22,23.54,31.98,
4878392,Kobe Brown,4000,SF/PF,IND,PHO,164218,1176611,,21,6.78,4.01,1.03,0.82,1.3,0.53,0.33,7.81,10.79,11.82,0.86,5.04,3.47,1.62,2.57,1.33,1.06,6.04,2.44,14.42,14.42,14.82,3.71,0%,133,153,THURS,90588,153,4878392,9.54,20.89,0,0,0,9.71,12.52,14.82,17.38,21.21,22.74,30.15,
8998346,Kam Jones,4100,PG/SG,IND,PHO,164218,1324173,,14,5.16,1.6,1.93,0.64,0.84,0.47,0.07,7.09,6.76,8.69,0.54,3.53,2.89,1.24,1.84,1.16,0.76,4.73,1.88,10.76,10.76,11.04,2.69,0%,133,153,THURS,179722,155,8998346,6.64,16.21,0,0,0,6.72,9.36,11.04,13.2,16.56,17.76,24.24,
8998347,Taelon Peter,3200,SG/SF,IND,PHO,164218,1243726,,4,1.44,0.5,0.23,0.23,0.17,0.11,0.01,1.67,1.94,2.17,0.12,0.73,0.6,0.26,0.67,0.28,0.21,1.27,0.49,2.58,2.58,2.68,0.84,0%,133,153,THURS,149497,156,8998347,0.42,5.47,0,0,0,0,1.49,2.68,4.17,5.96,7.15,11.32,
3080545,Micah Potter,4700,PF/C,IND,PHO,164218,945061,,13.5,7.74,3.69,0.95,1.38,0.93,0.39,0.32,8.69,11.43,12.38,0.71,4.64,2.09,1.03,3.63,1.77,1.53,5.72,2.41,14.79,14.79,15.43,3.28,0%,133,153,THURS,70478,158,3080545,9.98,21.75,0,0,0,9.88,12.78,15.43,17.84,21.7,23.63,31.34,
4878642,Jalen Slawson,,,IND,PHO,164218,1135981,,1,0.42,0.19,0.06,0.05,0.05,0.02,0.02,0.48,0.61,0.67,0.04,0.25,0.22,0.1,0.14,0.1,0.08,0.36,0.15,0.81,0.81,0.83,32,0%,133,153,THURS,89646,159,4878642,0.18,1.64,0,0,0,0,0,0.83,1.33,2.32,2.66,4.81,
1227,LeBron James,8400,PF,LAL,CHI,164226,214152,Q,32,19.45,4.68,6.79,1.57,2.42,1.47,0.8,26.24,24.13,30.92,2.27,11.47,10.49,5.42,4.43,5.09,3.89,14.92,6.99,39.64,39.64,39.8,4.74,0%,152,130,THURS,12624,160,1227,31.02,49.28,0,0,0,31.07,36.21,39.8,43.65,49.3,51.61,61.88,
37814,Luke Kennard,4400,PG/SG,LAL,CHI,164226,887661,,25,9.69,2.57,1.78,1.95,0.59,0.6,0.18,11.47,12.26,14.04,0.78,4.35,2.76,1.47,4.33,0.99,0.91,7.09,3.42,17.19,17.19,17.81,4.05,0%,152,130,THURS,38279,162,37814,11.54,24.99,0,0,0,11.7,15.01,17.81,20.61,25.19,26.97,34.6,
37845,Maxi Kleber,,,LAL,CHI,164226,1072048,Q,2,0.31,0.31,0.13,0.04,0.06,0.09,0.08,0.44,0.62,0.75,0.17,0.44,0.12,0.06,0.14,0.1,0.07,0.26,0.1,1.33,1.33,1.22,32,0%,152,130,THURS,38337,163,37845,0.18,2.59,0,0,0,0,0,1.22,1.46,2.93,3.42,6.1,
408971,Luka Doncic,12300,PG,LAL,CHI,164226,1121277,,36.5,33.11,7.99,7.6,4.11,3.74,2.12,0.75,40.71,41.1,48.7,2.87,15.59,12.56,5.91,11.25,11.43,8.95,23.81,10.02,58.97,58.97,60.94,4.95,0%,152,130,THURS,75290,164,408971,49.62,72.97,0,0,0,49.74,56.25,60.94,65.63,73.18,76.04,88.29,
409024,Jarred Vanderbilt,3300,PF,LAL,CHI,164226,1067852,,14,2.82,3.39,0.93,0.28,0.41,0.42,0.37,3.75,6.21,7.14,0.79,4.32,1.69,0.76,0.95,0.76,0.46,2.64,1.04,10.24,10.24,9.97,3.02,0%,152,130,THURS,69989,165,409024,5.87,14.71,0,0,0,5.88,8.18,9.97,11.76,14.57,15.59,21.48,
409301,Deandre Ayton,5400,C,LAL,CHI,164226,1061507,,28,9.59,9.25,0.78,0.05,0.51,0.7,0.99,10.37,18.84,19.62,1.69,10.03,6.9,4.35,0.25,1.11,0.75,7.15,4.4,26.42,26.42,25.74,4.77,0%,152,130,THURS,75293,166,409301,19.19,33.46,0,0,0,19.05,22.65,25.74,28.57,33.2,35.26,42.73,
1115368,Rui Hachimura,4500,SF/PF,LAL,CHI,164226,955893,,28.5,9.97,2.8,1.02,1.46,0.37,0.54,0.33,10.99,12.77,13.79,0.87,3.82,4.57,2.31,3.38,1.25,0.96,7.95,3.77,17.1,17.1,17.29,3.84,0%,152,130,THURS,72577,167,1115368,11.28,24.21,0,0,0,11.35,14.71,17.29,19.87,24.26,26.06,34.58,
1115443,Jaxson Hayes,,,LAL,CHI,164226,1140887,,16,6.91,3.62,0.74,0.02,0.3,0.38,0.43,7.65,10.53,11.27,0.81,4.36,3.78,2.73,0.06,2.16,1.41,3.84,2.75,14.49,14.49,14.03,32,0%,152,130,THURS,71368,168,1115443,9.3,19.42,0,0,0,9.18,11.99,14.03,16.07,19.39,20.66,26.78,
3012783,Austin Reaves,8100,PG/SG,LAL,CHI,164226,953291,,36,22.79,3.95,5.47,2.97,2.64,1.37,0.58,28.26,26.74,32.21,1.95,9.42,8.28,3.9,7.96,6.99,6.08,16.24,6.87,38.95,38.95,40.07,4.95,0%,152,130,THURS,91245,169,3012783,31.01,49.83,0,0,0,31.14,36.24,40.07,43.9,50.02,52.32,63.04,
3587973,Jake LaRavia,3900,SG/SF,LAL,CHI,164226,1175125,,18,6.42,3.06,1.8,0.85,0.62,0.62,0.15,8.22,9.48,11.28,0.77,4.86,2.73,1.19,2.4,1.99,1.51,5.13,2.04,14.48,14.48,14.6,3.74,0%,152,130,THURS,89808,170,3587973,9.42,20.61,0,0,0,9.31,12.33,14.6,16.87,20.64,22.15,28.7,
6412975,Dalton Knecht,3000,SG/SF,LAL,CHI,164226,1324634,,2,0.6,0.37,0.08,0.11,0.05,0.09,0.02,0.68,0.97,1.05,0.11,0.45,0.21,0.1,0.32,0.08,0.06,0.53,0.21,1.44,1.44,1.43,0.48,0%,152,130,THURS,179854,174,6412975,0.53,2.92,0,0,0,0,0,1.43,2.29,4,4.32,8.01,
8998386,Adou Thiero,3000,SF/PF,LAL,CHI,164226,1408189,,2,0.79,0.3,0.17,0.09,0.08,0.09,0.03,0.96,1.09,1.26,0.12,0.47,0.43,0.19,0.26,0.19,0.13,0.69,0.28,1.69,1.69,1.67,0.56,0%,152,130,THURS,245047,175,8998386,0.26,3.17,0,0,0,0,0,1.67,2.67,4.68,5.68,10.02,
4874521,Rayan Rupert,4300,SF,MEM,DAL,164223,1433295,,32,12.87,5.07,1.44,1.93,1.22,1.76,0.36,14.31,17.94,19.38,2.12,6.51,6.73,2.69,5.88,2.26,1.7,12.61,4.62,26.25,26.25,25.99,6.04,0%,142,140,THURS,267057,188,4874521,18.69,34.31,0,0,0,18.6,22.93,25.99,29.3,34.4,36.69,46.37,
4878275,Olivier-Maxence Prosper,4900,PF/C,MEM,DAL,164223,1232483,,32,14.92,7.47,1.94,1.42,1.24,1.4,0.79,16.86,22.39,24.33,2.19,9.41,7.01,3.56,3.87,4.75,3.55,10.88,4.98,32.12,32.12,31.87,6.5,0%,142,140,THURS,148847,189,4878275,24.08,40.55,0,0,0,24.03,28.5,31.87,35.41,40.72,42.77,52.36,
4878429,Gregory Jackson,5800,PF,MEM,DAL,164223,1405584,,28.5,20.77,6.45,2.83,1.92,2.66,0.76,1.12,23.6,27.22,30.05,1.88,9.28,12.11,5.56,5.72,5.22,3.9,17.83,7.48,35.74,35.74,36.61,6.31,0%,142,140,THURS,245013,190,4878429,28.04,45.93,0,0,0,27.97,33.05,36.61,40.17,45.76,48.3,57.2,
4878700,Taylor Hendricks,5000,PF/C,MEM,DAL,164223,1405861,,28.5,12.05,5.7,2.03,1.94,1.29,1.13,1.05,14.08,17.75,19.78,2.18,7.73,5.11,2.4,5.13,2.13,1.44,10.24,4.34,27.19,27.19,26.95,5.39,0%,142,140,THURS,245312,191,4878700,19.64,35.25,0,0,0,19.39,23.68,26.95,29.97,35.01,37.28,47.1,
6412994,Cam Spencer,5100,SG/SF,MEM,DAL,164223,1177001,Q,26.5,13.57,2.83,6.21,2.63,1.32,0.78,0.41,19.78,16.4,22.61,1.19,9.04,3.42,1.63,6.08,2.58,2.42,9.5,4.26,28.53,28.53,29.56,5.8,0%,142,140,THURS,90391,192,6412994,21.76,38.39,0,0,0,21.73,26.28,29.56,32.84,38.15,40.42,49.27,
6412995,Jaylen Wells,4800,SF,MEM,DAL,164223,1423140,,28,14.71,4.2,2.4,2.42,1.07,1.24,0.17,17.11,18.91,21.31,1.41,6.6,5.57,2.52,6.84,3.04,2.41,12.41,4.94,26.51,26.51,27.07,5.64,0%,142,140,THURS,252511,193,6412995,19.56,35.56,0,0,0,19.41,23.49,27.07,30.13,35.75,37.8,46.74,
8998404,Jahmai Mashack,4400,SG/SF,MEM,DAL,164223,1328248,,32.5,8.69,2.92,2.57,1.1,1.3,1.59,0.96,11.26,11.61,14.18,2.55,5.49,5.69,2.35,3.85,1.27,0.68,9.54,3.45,22.4,22.4,21.2,4.82,0%,142,140,THURS,180064,197,8998404,14.79,28.2,0,0,0,14.72,18.21,21.2,24.19,28.68,30.43,38.16,
8998405,Javon Small,5500,PG,MEM,DAL,164223,1324003,,32,18.07,5.68,6.58,2.56,2.17,1.77,0.59,24.65,23.75,30.33,2.36,12.26,7.36,3.26,6.36,4.81,3.88,13.72,5.82,39.67,39.67,40.16,7.3,0%,142,140,THURS,179512,198,8998405,31.16,50.04,0,0,0,31.01,35.84,40.16,43.97,49.82,52.36,62.53,
37835,Bam Adebayo,9900,C,MIA,MIL,164221,957486,,32,24.88,8.76,3.06,2.06,1.7,1.74,0.78,27.94,33.64,36.7,2.52,11.82,14.12,6.6,6.04,7.2,5.49,20.16,8.66,45.84,45.84,46.04,4.65,0%,137,134,THURS,38289,205,37835,36.55,56.32,0,0,0,36.21,41.9,46.04,49.92,56.39,58.97,69.32,
1115334,Tyler Herro,7900,PG/SG,MIA,MIL,164221,1134176,Q,31,21.67,5.54,4.5,1.98,2,0.81,0.23,26.17,27.21,31.71,1.04,10.04,12.08,5.82,5.17,4.6,4.1,17.25,7.8,36.19,36.19,37.47,4.74,0%,137,134,THURS,69990,206,1115334,28.83,46.85,0,0,0,29.23,34.02,37.47,41.46,47.3,49.69,60.59,
3005605,Davion Mitchell,5000,PG,MIA,MIL,164221,1061659,,28,7.75,2.98,6.03,1.14,1.17,1.05,0.11,13.78,10.73,16.76,1.16,9.01,3.68,1.81,2.78,1.07,0.72,6.46,2.95,22.68,22.68,22.85,4.57,0%,137,134,THURS,71674,207,3005605,16.16,30.4,0,0,0,16.24,20.1,22.85,25.88,30.56,32.49,41.3,
3080547,Dru Smith,3900,PG,MIA,MIL,164221,953243,,12,3.21,1.95,1.69,0.38,0.36,0.76,0.17,4.9,5.16,6.85,0.93,3.64,1.54,0.65,1.11,0.94,0.77,2.65,1.03,10.52,10.52,10.05,2.58,0%,137,134,THURS,71988,208,3080547,6.49,14.11,0,0,0,6.46,8.43,10.05,11.49,14,15.08,19.92,
3622168,Simone Fontecchio,3800,PF,MIA,MIL,164221,1314104,,17,7.24,2.76,1.31,1.42,0.49,0.78,0.07,8.55,10,11.31,0.85,4.07,2.19,0.88,3.93,1.45,1.22,6.12,2.3,14.58,14.58,14.82,3.9,0%,137,134,THURS,231042,210,3622168,9.33,21.11,0,0,0,9.39,12.35,14.82,17.29,21.49,22.97,30.38,
4878449,Jaime Jaquez,6400,SF,MIA,MIL,164221,1176708,,28,13.86,5.75,4.71,0.65,1.77,0.45,0.4,18.57,19.61,24.32,0.85,10.46,9.51,4.56,2.15,3.65,2.78,11.66,5.21,28.61,28.61,29.32,4.58,0%,137,134,THURS,90829,211,4878449,22.11,37.2,0,0,0,22.12,26.23,29.32,32.15,37.04,38.84,48.1,
6413019,Pelle Larsson,5500,SG/SF,MIA,MIL,164221,1231950,,31,10.58,3.5,3.69,1.1,1.26,1,0.44,14.27,14.08,17.77,1.44,7.19,5.04,2.38,3.39,3.36,2.52,8.43,3.48,23.38,23.38,23.29,4.23,0%,137,134,THURS,149713,212,6413019,16.46,30.91,0,0,0,16.52,20.31,23.29,26,30.6,32.5,41.43,
6413020,Kel'el Ware,6000,C,MIA,MIL,164221,1405458,Q,23,10.13,8.26,0.35,0.9,0.68,1.46,1.31,10.48,18.39,18.74,2.77,8.61,5.96,3.24,2.47,1.28,0.95,8.43,4.14,28.2,28.2,26.79,4.47,0%,137,134,THURS,244931,213,6413020,19.65,35,0,0,0,19.58,23.44,26.79,29.88,35.03,36.86,46.11,
6448152,Keshad Johnson,3300,SF,MIA,MIL,164221,1177278,,1,0.57,0.24,0,0.06,0.09,0.02,0.05,0.57,0.81,0.81,0.07,0.24,0.29,0.15,0.18,0.17,0.1,0.47,0.21,0.98,0.98,1.03,0.31,0%,137,134,THURS,90792,214,6448152,0.54,1.64,0,0,0,0.72,0.72,0.72,0.72,0.72,0.72,0.72,
8985737,Kasparas Jakucionis,4000,PG,MIA,MIL,164221,1448788,,17,9.08,2.76,2.27,1.94,1,0.74,0.15,11.35,11.84,14.11,0.89,5.03,2.41,1.05,5.59,1.42,1.18,8,2.99,17.47,17.47,18.19,4.55,0%,137,134,THURS,455379,215,8985737,11.33,26.17,0,0,0,11.22,15.16,18.19,21.52,26.38,28.5,37.59,
9458423,Myron Gardner,4100,PF,MIA,MIL,164221,1197462,,20,8.68,5.82,1.99,0.78,0.9,0.8,0.27,10.67,14.5,16.49,1.07,7.81,4.77,2.13,2.27,2.8,2.1,7.04,2.91,20.96,20.96,21.04,5.13,0%,137,134,THURS,93173,217,9458423,14.93,27.99,0,0,0,14.99,18.41,21.04,23.93,28.14,29.98,37.87,
16852,Giannis Antetokounmpo,10500,PF,MIL,MIA,164221,739957,,31,27.43,9.51,3.88,0.29,3.36,1.15,0.31,31.31,36.94,40.82,1.46,13.39,15.68,9.52,0.99,11.79,7.52,16.67,9.81,45.68,45.68,47.06,4.48,0%,134,137,THURS,12485,220,16852,37.9,56.8,0,0,0,37.91,43.14,47.06,50.72,56.47,58.56,69.02,
18909,Bobby Portis,5700,PF/C,MIL,MIA,164221,750703,Q,20,9.83,4.26,0.91,1.37,0.67,0.3,0.33,10.74,14.09,15,0.63,5.17,5.02,2.53,3.21,0.85,0.65,8.23,3.9,17.53,17.53,18.13,3.18,0%,134,137,THURS,12075,222,18909,12.01,25.17,0,0,0,12.09,15.24,18.13,20.76,25.22,27.33,35.21,
18915,Myles Turner,5400,C,MIL,MIA,164221,843762,,26,10.83,4.72,1.21,1.68,0.97,0.55,1.34,12.04,15.55,16.76,1.89,5.93,4.06,1.91,4.3,2.6,1.97,8.36,3.59,23.01,23.01,22.69,4.2,0%,134,137,THURS,12071,223,18915,15.91,30.36,0,0,0,16.06,19.8,22.69,25.75,30.59,32.38,40.79,
35218,Taurean Prince,3200,SF,MIL,MIA,164221,696209,,12,2.9,1.2,0.38,0.66,0.37,0.22,0.15,3.28,4.1,4.48,0.37,1.58,0.87,0.37,1.57,0.23,0.19,2.44,1.03,5.65,5.65,5.86,1.83,0%,134,137,THURS,28064,225,35218,2.16,10.02,0,0,0,2.13,4,5.86,7.46,10.39,11.72,18.11,
37886,Kyle Kuzma,5000,SF/PF,MIL,MIA,164221,844476,,25,10.44,3.43,2.3,1.02,1.58,0.37,0.12,12.74,13.87,16.17,0.49,5.73,5.92,2.83,3.02,2.47,1.72,8.94,3.85,17.9,17.9,18.88,3.78,0%,134,137,THURS,38296,227,37886,12.76,25.65,0,0,0,12.76,16.07,18.88,21.43,25.51,27.04,34.95,
1115225,Kevin Porter Jr.,7800,PG/SG,MIL,MIA,164221,1135158,Q,28,13.28,4.09,4.92,1.04,2.21,1.54,0.39,18.2,17.37,22.29,1.93,9.01,7.95,3.67,3.18,3.41,2.82,11.13,4.71,29.15,29.15,29.08,3.73,0%,134,137,THURS,86566,229,1115225,21.69,37.23,0,0,0,21.87,25.99,29.08,32.43,37.57,39.37,48.64,
3005097,Cam Thomas,4200,PG/SG,MIL,MIA,164221,1232020,,12,6.43,0.8,1.46,0.68,0.71,0.13,0.06,7.89,7.23,8.69,0.19,2.26,3.16,1.36,2,1.98,1.68,5.16,2.04,9.44,9.44,9.99,2.38,0%,134,137,THURS,149404,230,3005097,5.59,15.24,0,0,0,5.64,7.94,9.99,11.78,15.11,16.39,22.54,
3005115,Jericho Sims,4000,C,MIL,MIA,164221,1071933,Q,16,3.16,4.76,1.17,0,0.49,0.15,0.13,4.33,7.92,9.09,0.28,5.93,1.82,1.41,0,0.57,0.35,1.82,1.41,10.98,10.98,11.18,2.8,0%,134,137,THURS,71367,231,3005115,7.03,15.91,0,0,0,7.19,9.32,11.18,13.04,15.97,17.3,23.16,
3583672,AJ Green,4000,PG/SG,MIL,MIA,164221,1141111,,10,3.13,0.81,0.41,0.91,0.24,0.08,0,3.54,3.94,4.35,0.08,1.22,0.31,0.12,2.19,0.2,0.16,2.5,1.03,4.72,4.72,5.25,1.31,0%,134,137,THURS,89684,232,3583672,1.38,8.98,0,0,0,1.38,3.59,5.25,7.18,9.95,11.36,17.68,
3588099,Ousmane Dieng,4700,SF,MIL,MIA,164221,1375876,,26,8.64,4.25,2.84,1.66,0.99,0.68,0.3,11.48,12.89,15.73,0.98,7.09,3.62,1.51,4.57,0.81,0.63,8.19,3.17,19.95,19.95,20.51,4.36,0%,134,137,THURS,195262,233,3588099,14.03,27.82,0,0,0,14.02,17.65,20.51,23.37,28.04,29.86,37.64,
3588137,Ryan Rollins,8100,PG,MIL,MIA,164221,1232221,,34,16.75,4.44,4.44,2.45,3.04,1.39,0.35,21.19,21.19,25.63,1.74,8.88,8.37,3.83,6.04,2.22,1.73,14.41,6.28,30.92,30.92,32.17,3.97,0%,134,137,THURS,149956,234,3588137,23.82,41.35,0,0,0,23.93,28.57,32.17,35.77,41.18,43.49,53.27,
37888,Alex Caruso,,,OKC,BOS,164225,697644,,17,5.47,2.66,1.39,1,0.66,0.95,0.13,6.86,8.13,9.52,1.08,4.05,2.03,0.87,2.81,0.94,0.74,4.84,1.87,13.33,13.33,13.21,32,0%,148,125,THURS,38264,240,37888,8.12,19.07,0,0,0,8.23,10.97,13.21,15.7,19.19,20.69,28.66,
408990,Shai Gilgeous-Alexander,11200,PG,OKC,BOS,164225,1067856,,35,30.11,4.68,6.36,1.57,2.01,1.12,0.6,36.47,34.79,41.15,1.72,11.04,15.24,8.1,4.31,10.35,9.21,19.55,9.67,48.42,48.42,48.79,4.36,0%,148,125,THURS,75300,241,408990,39.31,59.01,0,0,0,39.24,44.55,48.79,52.77,58.87,61.25,73.19,
570179,Kenrich Williams,3900,PF/C,OKC,BOS,164225,843742,,4,1.26,0.65,0.21,0.2,0.17,0.06,0.01,1.47,1.91,2.12,0.07,0.86,0.59,0.27,0.52,0.15,0.11,1.11,0.47,2.4,2.4,2.54,0.65,0%,148,125,THURS,76838,243,570179,0.56,5.03,0,0,0,0,1.39,2.54,3.46,5.11,6,9.93,
1153418,Lu Dort,4200,SG,OKC,BOS,164225,1134693,,29,8.88,3.74,1.22,2.09,0.76,0.55,0.28,10.1,12.62,13.84,0.83,4.96,2.35,0.91,5.72,1.06,0.8,8.07,3,16.93,16.93,17.71,4.22,0%,148,125,THURS,87396,244,1153418,11.33,25.05,0,0,0,11.2,14.85,17.71,20.57,25.26,27.09,34.9,
2439149,Isaiah Joe,5000,SG,OKC,BOS,164225,1134010,,23,9.55,2.67,1.22,2.34,0.34,0.53,0.19,10.77,12.22,13.44,0.72,3.89,1.63,0.72,5.73,1.25,1.1,7.36,3.06,16.4,16.4,17.16,3.43,0%,148,125,THURS,87355,245,2439149,9.94,25.59,0,0,0,9.76,13.8,17.16,20.52,25.91,27.93,38.36,
3005501,Aaron Wiggins,4400,SF/PF,OKC,BOS,164225,1133788,,18,6.84,2.2,1.01,1.07,0.77,0.57,0.19,7.85,9.04,10.05,0.76,3.21,3.31,1.44,2.88,0.95,0.74,6.19,2.51,12.51,12.51,12.78,2.9,0%,148,125,THURS,70247,246,3005501,7.48,19.11,0,0,0,7.5,10.28,12.78,15.28,19.17,20.84,28.34,
3588097,Jaylin Williams,6200,PF/C,OKC,BOS,164225,1231367,,24,9.05,7.36,2.58,1.88,1.2,0.17,0.52,11.63,16.41,18.99,0.69,9.94,2.21,1.02,4.99,1.79,1.38,7.2,2.9,22.62,22.62,23.92,3.86,0%,148,125,THURS,92186,247,3588097,16.95,31.81,0,0,0,16.64,20.8,23.92,26.78,31.46,33.8,42.64,
3588100,Chet Holmgren,8700,PF,OKC,BOS,164225,1343009,,29,15.7,9.79,1.91,1.31,1.17,0.41,1.29,17.61,25.49,27.4,1.7,11.7,7.67,3.88,3.84,5.12,4.03,11.51,5.19,34.24,34.24,34.85,4.01,0%,148,125,THURS,179602,249,3588100,26.63,43.68,0,0,0,26.77,31.31,34.85,38.39,43.94,45.96,55.56,
4878543,Cason Wallace,5200,SG/SF,OKC,BOS,164225,1408195,,25,7.86,2.59,2.89,1.23,0.67,1.34,0.34,10.75,10.45,13.34,1.68,5.48,4,1.8,3.5,0.74,0.57,7.5,3.03,19.67,19.67,19.07,3.67,0%,148,125,THURS,245049,250,4878543,13.24,25.64,0,0,0,13.33,16.54,19.07,21.6,25.96,27.34,35.38,
6413121,Ajay Mitchell,4700,PG,OKC,BOS,164225,1340238,,26,11.93,2.9,2.77,1.02,1.23,0.94,0.18,14.7,14.83,17.6,1.12,5.67,6.41,3.22,2.88,2.8,2.42,9.29,4.24,21.7,21.7,21.85,4.65,0%,148,125,THURS,179379,251,6413121,15.36,29.14,0,0,0,15.35,18.99,21.85,24.71,29.13,30.95,39.28,
6413162,Jared McCain,4000,PG/SG,OKC,BOS,164225,1458807,,10,4.56,1.2,0.52,0.76,0.41,0.24,0,5.08,5.76,6.28,0.24,1.72,1.86,0.83,1.93,0.7,0.62,3.79,1.59,7.09,7.09,7.5,1.88,0%,148,125,THURS,281664,253,6413162,3.43,12.62,0,0,0,3.48,5.63,7.5,9.38,12.59,13.93,20.09,
37841,Jonathan Isaac,3300,PF/C,ORL,WAS,164219,940823,,1,0.19,0.23,0.05,0.02,0.02,0.04,0.07,0.24,0.42,0.47,0.11,0.28,0.1,0.04,0.08,0.07,0.05,0.18,0.06,0.85,0.85,0.77,0.23,0.56%,138,139,THURS,38274,259,37841,0.77,0.77,0,0,0,0.33,0.55,0.77,0.99,1.32,1.4,1.47,
408878,Wendell Carter Jr.,5300,C,ORL,WAS,164219,1060912,,28,11.04,7.63,1.97,0.93,0.88,1.17,0.6,13.01,18.67,20.64,1.77,9.6,5.63,2.79,3.15,3.53,2.68,8.78,3.72,27.58,27.58,27.29,5.15,11.97%,138,139,THURS,75319,260,408878,20.38,35.28,8.64,8.64,16.66,20.66,24.23,27.29,30.35,35.45,37.75,46.16,
409100,Jevon Carter,4000,PG/SG,ORL,WAS,164219,843794,,22,8.55,2.33,2.64,2.09,0.96,0.72,0.36,11.19,10.88,13.52,1.08,4.97,2.47,0.91,5.9,0.58,0.46,8.37,3,17.59,17.59,18.15,4.54,24.85%,138,139,THURS,69672,261,409100,11.79,25.48,14.55,14.55,12.57,11.85,15.38,18.15,20.92,25.46,27.48,35.8,
409281,Moe Wagner,4100,C,ORL,WAS,164219,882387,,17,11.68,4.58,1.26,0.99,0.92,0.65,0.17,12.94,16.26,17.52,0.82,5.84,5.3,2.73,2.84,4.1,3.27,8.14,3.72,20.61,20.61,20.99,5.12,0.05%,138,139,THURS,75298,262,409281,14.79,27.94,0.63,0.63,11.16,14.67,18.21,20.99,23.52,27.82,29.59,37.18,
1115261,Goga Bitadze,4300,C,ORL,WAS,164219,1172132,,6,3.48,2.91,0.55,0.02,0.25,0.12,0.25,4.03,6.39,6.94,0.37,3.46,2.02,1.34,0.15,1.12,0.74,2.17,1.36,8.66,8.66,8.57,1.99,0.41%,138,139,THURS,88380,263,1115261,4.92,12.72,0,0,0,4.79,7.06,8.57,10.08,12.6,13.61,18.65,
2439095,Desmond Bane,7700,SG/SF,ORL,WAS,164219,944263,,34,22.68,4.2,4.45,2.49,1.86,1.73,0.31,27.13,26.88,31.33,2.04,8.65,10.97,5.52,6.48,4.57,4.17,17.45,8.01,38.66,38.66,39.03,5.07,11.83%,138,139,THURS,72613,264,2439095,30.13,48.71,10.11,10.11,16.71,29.98,35.15,39.03,42.91,48.85,51.18,62.3,
3005320,Jalen Suggs,7100,PG,ORL,WAS,164219,1241585,,30,16.51,3.65,5.71,2.53,3.03,1.8,1.08,22.22,20.16,25.87,2.88,9.36,6.74,2.88,7.43,3.72,3.14,14.17,5.41,35.07,35.07,35.22,4.96,18.38%,138,139,THURS,149532,266,3005320,26.65,44.75,16.79,16.79,18.01,26.86,31.42,35.22,38.77,44.85,47.15,57.52,
3587894,Paolo Banchero,9500,PF,ORL,WAS,164219,1323993,,34,25.24,8.64,4.86,1.57,2.98,0.6,0.47,30.1,33.88,38.74,1.07,13.5,13.62,6.38,5.01,10.27,7.78,18.63,7.95,43.13,43.13,45.31,4.77,5.77%,138,139,THURS,179070,268,3587894,36.12,55.18,5.48,5.48,11,36.3,41.19,45.31,49.17,55.35,57.67,67.71,
3889043,Jamal Cain,3200,SF/PF,ORL,WAS,164219,1060409,,2,0.94,0.13,0.12,0.14,0.1,0.04,0,1.06,1.07,1.19,0.04,0.25,0.38,0.16,0.39,0.28,0.21,0.77,0.3,1.3,1.3,1.38,0.43,0.05%,138,139,THURS,247243,269,3889043,0.22,2.82,0,0,0,0,0,1.38,2.07,4.83,4.83,9.32,
4878563,Jett Howard,3800,SG/SF,ORL,WAS,164219,1408232,,24,9.49,2.96,1.74,1.99,0.45,0.53,0.43,11.23,12.45,14.19,0.96,4.7,3.07,1.22,6.23,1.25,1.08,9.3,3.21,18.08,18.08,18.49,4.87,1.81%,138,139,THURS,244793,270,4878563,12.14,25.71,3.68,3.68,20.84,11.74,15.74,18.49,21.24,25.49,27.24,35.98,
6413142,Tristan da Silva,4900,SF/PF,ORL,WAS,164219,1232528,,28,8.61,4.87,2.68,1.47,0.71,1.35,0.39,11.29,13.48,16.16,1.74,7.55,3.76,1.67,4,0.99,0.86,7.76,3.14,22.98,22.98,22.59,4.61,15.91%,138,139,THURS,149222,272,6413142,16.06,30.02,11.71,11.71,12.86,16.24,19.54,22.59,25.38,30.2,32.24,40.87,
8985849,Jase Richardson,3000,PG/SG,ORL,WAS,164219,1528467,Q,4,1.86,0.51,0.53,0.24,0.25,0.16,0.03,2.39,2.37,2.9,0.19,1.04,0.92,0.4,0.69,0.41,0.34,1.61,0.64,3.59,3.59,3.67,1.22,0%,138,139,THURS,505288,273,8985849,1.21,7.13,0,0,0,1.05,2.1,3.67,4.98,7.08,8.13,12.85,
8998544,Noah Penda,3900,SF/PF,ORL,WAS,164219,1590551,,10,2.38,2.53,0.77,0.32,0.44,0.45,0.21,3.15,4.91,5.68,0.66,3.3,1.22,0.49,0.9,0.66,0.45,2.12,0.81,8.11,8.11,7.96,2.04,0.05%,138,139,THURS,622554,274,8998544,4.26,12.4,0,0,0,4.37,6.42,7.96,9.76,12.58,13.87,19.26,
13904,Andre Drummond,4400,C,PHI,DET,164220,614746,,6,2.14,2.39,0.38,0.08,0.35,0.27,0.28,2.52,4.53,4.91,0.55,2.77,1.5,0.71,0.27,0.77,0.49,1.77,0.79,6.88,6.88,6.66,1.51,0%,128,132,THURS,12376,282,13904,3.35,10.49,0,0,0,3.33,5.12,6.66,7.94,10.5,11.53,16.4,
3005116,Quentin Grimes,7400,PG/SG,PHI,DET,164220,1132827,,34,19.57,3.95,4.46,2.92,2.69,0.93,0.4,24.03,23.52,27.98,1.33,8.41,7.21,3.33,8.27,5.14,4.15,15.48,6.25,32.3,32.3,33.99,4.59,0%,128,132,THURS,72687,286,3005116,25.47,43.38,0,0,0,25.3,30.16,33.99,37.82,43.45,45.52,56.74,
3022632,Trendon Watford,4000,PF,PHI,DET,164220,1176529,,20,9.84,3.32,2.83,0.55,1.95,0.18,0.7,12.67,13.16,15.99,0.88,6.15,5.83,2.98,1.74,2.97,2.22,7.57,3.53,18.76,18.76,19.3,4.83,0%,128,132,THURS,90273,287,3022632,13.4,25.84,0,0,0,13.36,16.83,19.3,21.77,25.73,27.22,34.89,
3587732,Dalen Terry,3500,SF,PHI,DET,164220,1239611,,18,5.85,2.35,1.61,0.77,0.73,0.98,0.3,7.46,8.2,9.81,1.28,3.96,3.1,1.36,2.13,1.38,0.84,5.23,2.13,14.2,14.2,13.78,3.94,0%,128,132,THURS,149208,288,3587732,8.67,19.73,0,0,0,8.68,11.48,13.78,16.08,19.9,21.44,28.58,
3587834,Tyrese Martin,3000,PG/SG,PHI,DET,164220,1134107,,7,2.75,0.7,0.37,0.56,0.31,0.08,0.01,3.12,3.45,3.82,0.09,1.07,1.09,0.42,1.66,0.34,0.25,2.75,0.98,4.11,4.11,4.49,1.5,0%,128,132,THURS,89873,289,3587834,1.65,8.9,0,0,0,1.32,2.91,4.49,5.81,8.72,9.77,14.79,
3588078,Jabari Walker,3800,SF/PF,PHI,DET,164220,1232517,,14,5.49,3.58,0.7,0.51,0.52,0.52,0.06,6.19,9.07,9.77,0.58,4.28,2.92,1.39,1.47,1.63,1.19,4.39,1.9,12.06,12.06,12.17,3.2,0%,128,132,THURS,149219,290,3588078,7.56,17.54,0,0,0,7.51,10.36,12.17,14.24,17.61,19.16,25.38,
3591251,Dominick Barlow,4300,PF/C,PHI,DET,164220,1419291,,29.5,9.53,4.76,1.55,0.43,0.98,1.04,0.83,11.08,14.29,15.84,1.87,6.31,6.02,3.12,1.64,2.84,2.01,7.66,3.55,22.2,22.2,21.28,4.95,0%,128,132,THURS,195468,291,3591251,15.23,28.05,0,0,0,15.27,18.53,21.28,23.78,27.79,29.54,37.56,
6413161,Adem Bona,4500,C,PHI,DET,164220,1350567,Q,26,9.19,7.86,0.5,0.03,1.5,0.83,1.86,9.69,17.05,17.55,2.69,8.36,5.21,3.37,0.09,3.51,2.36,5.3,3.4,25.94,25.94,24.56,5.46,0%,128,132,THURS,245359,292,6413161,18.2,31.8,0,0,0,18.36,21.83,24.56,27.29,31.75,33.49,41.43,
6448297,Justin Edwards,3600,SF,PHI,DET,164220,1465002,,21,7.63,2.22,1.36,1.35,0.93,0.84,0.1,8.99,9.85,11.21,0.94,3.58,3.07,1.43,3.72,0.88,0.71,6.79,2.78,14.22,14.22,14.54,4.04,0%,128,132,THURS,288782,293,6448297,8.89,21.04,0,0,0,9.09,12.2,14.54,17.14,21.33,23.11,30.38,
8985867,VJ Edgecombe,8100,SG,PHI,DET,164220,1519361,,34,17.84,4.68,3.08,2.46,2,1.17,0.4,20.92,22.52,25.6,1.57,7.76,9.07,3.92,6.86,3.23,2.61,15.93,6.38,30.79,30.79,31.7,3.91,0%,128,132,THURS,455370,294,8985867,23.55,40.55,0,0,0,23.33,28.15,31.7,35,40.32,42.86,53.26,
18941,Cameron Payne,6000,PG/SG,PHI,DET,164220,792338,,30.5,13.37,2.14,5.01,2.61,1.93,1.68,0.6,18.38,15.51,20.52,2.28,7.15,5.4,2.13,7.29,1.4,1.27,12.69,4.74,28.36,28.36,28.49,4.75,0%,128,132,THURS,12070,296,18941,20.61,37.3,0,0,0,20.42,24.71,28.49,31.77,37.31,39.33,50.17,
18949,Devin Booker,8800,PG/SG,PHO,IND,164218,845564,,33,26.52,4.45,5.23,2.43,2.67,0.87,0.12,31.75,30.97,36.2,0.99,9.68,12.97,5.81,7.38,8.64,7.62,20.35,8.24,40.01,40.01,41.84,4.75,0%,153,133,THURS,12068,299,18949,32.84,51.59,0,0,0,32.8,37.97,41.84,45.71,51.65,53.98,64.83,
37872,Royce O'Neale,5500,PF,PHO,IND,164218,604479,,28,10.48,5.45,2.02,2.85,1.1,1.15,0.75,12.5,15.93,17.95,1.9,7.47,1.95,0.8,7.1,0.46,0.33,9.05,3.65,24.65,24.65,25.04,4.55,0%,153,133,THURS,38247,301,37872,17.61,33.44,0,0,0,17.53,21.78,25.04,28.3,33.55,35.56,45.32,
409227,Grayson Allen,7300,SG/SF,PHO,IND,164218,842296,Q,26,15.9,2.74,3.9,3.39,1.23,1.28,0.21,19.8,18.64,22.54,1.49,6.64,3.79,1.58,8.78,3.02,2.56,12.57,4.97,28.28,28.28,29.24,4.01,0%,153,133,THURS,70596,302,409227,21.18,38.33,0,0,0,21.1,25.68,29.24,32.8,38.39,40.94,51.36,
750372,Haywood Highsmith,3200,SF/PF,PHO,IND,164218,1083019,Q,12,3.56,2.47,0.71,0.73,0.3,0.73,0.33,4.27,6.03,6.74,1.06,3.18,1.23,0.6,1.83,0.31,0.18,3.06,1.33,10.47,10.47,10.05,3.14,0%,153,133,THURS,87080,303,750372,5.59,15.3,0,0,0,5.78,8.04,10.05,11.81,15.08,16.33,23.12,
1167676,Amir Coffey,3000,PF,PHO,IND,164218,944822,,1,0.26,0.18,0.04,0.04,0.01,0.01,0.01,0.3,0.44,0.48,0.02,0.22,0.1,0.05,0.11,0.05,0.04,0.21,0.09,0.59,0.59,0.6,0.2,0%,153,133,THURS,71582,304,1167676,0.6,0.6,0,0,0,0.26,0.43,0.6,0.77,1.03,1.09,1.14,
3006968,Jalen Green,6800,SG/SF,PHO,IND,164218,1271706,,29,21.27,4.59,2.46,3.05,2.12,1.08,0.11,23.73,25.86,28.32,1.19,7.05,10.3,4.17,9.16,4.75,3.76,19.46,7.22,31.92,31.92,33.57,4.94,0%,153,133,THURS,165222,308,3006968,25.06,42.89,0,0,0,25.37,29.98,33.57,37.16,42.8,45.1,56.12,
3045288,Jordan Goodwin,4900,PG/SG,PHO,IND,164218,1062104,Q,16,5.15,2.92,1.31,0.86,0.29,0.94,0.11,6.46,8.07,9.38,1.05,4.23,2.64,1.09,2.42,0.55,0.4,5.06,1.95,13.48,13.48,13.15,2.68,0%,153,133,THURS,71756,309,3045288,8.16,19.05,0,0,0,8.09,10.87,13.15,15.17,18.97,20.48,27.31,
3583725,Jamaree Bouyea,3000,PG,PHO,IND,164218,1068236,,1,0.3,0.12,0.12,0.03,0.04,0.06,0.04,0.42,0.42,0.54,0.1,0.24,0.19,0.08,0.09,0.06,0.04,0.28,0.11,0.88,0.88,0.83,0.28,0%,153,133,THURS,73346,310,3583725,0.83,0.83,0,0,0,0.36,0.59,0.83,1.07,1.42,1.51,1.58,
3583871,Collin Gillespie,6500,PG,PHO,IND,164218,1070352,,30.5,14.89,5.18,5.06,3.34,1.42,1.03,0.12,19.95,20.07,25.13,1.15,10.24,4.16,1.8,7.87,1.46,1.25,12.03,5.14,30.73,30.73,32.3,4.97,0%,153,133,THURS,72400,311,3583871,24.09,41.62,0,0,0,23.91,28.74,32.3,35.86,41.71,44,54.43,
6413180,Oso Ighodaro,5500,C,PHO,IND,164218,1232477,,27,7.66,6.51,3.3,0,1.14,0.96,1.1,10.96,14.17,17.47,2.06,9.81,5.18,3.4,0,1.65,0.86,5.18,3.4,25.46,25.46,24.34,4.43,0%,153,133,THURS,149579,313,6413180,18.04,31.25,0,0,0,17.93,21.52,24.34,26.9,31.26,33.05,41.25,
6413181,Ryan Dunn,3500,SF/PF,PHO,IND,164218,1406029,,6,1.31,0.93,0.25,0.23,0.13,0.34,0.06,1.56,2.24,2.49,0.4,1.18,0.66,0.28,0.73,0.14,0.07,1.39,0.51,3.87,3.87,3.7,1.06,0%,153,133,THURS,245483,314,6413181,1.16,6.94,0,0,0,1.16,2.54,3.7,5.09,6.94,7.86,12.03,
8985886,Khaman Maluach,3600,C,PHO,IND,164218,1465506,,17,6.28,5.58,0.94,0.03,0.69,0.37,0.73,7.22,11.86,12.8,1.1,6.52,4.45,2.5,0.1,1.81,1.19,4.55,2.53,17,17,16.55,4.6,0%,153,133,THURS,458114,315,8985886,11.56,22.21,0,0,0,11.53,14.29,16.55,18.81,22.57,23.82,30.84,
8998583,Rasheer Fleming,3400,PF,PHO,IND,164218,1405622,,13.5,4.42,3.78,0.22,0.88,0.33,0.28,0.08,4.64,8.2,8.42,0.36,4,1.64,0.71,2.6,0.62,0.37,4.24,1.59,10.04,10.04,10.47,3.08,0%,153,133,THURS,245624,316,8998583,5.97,15.85,0,0,0,5.87,8.43,10.47,12.26,15.83,17.11,23.49,
13901,Harrison Barnes,3400,PF,SAS,DEN,164224,552336,Q,18,6.12,1.71,1.8,1.01,0.38,0.86,0.12,7.92,7.83,9.63,0.98,3.51,2.1,1,2.58,1.33,1.09,4.68,2.01,13.43,13.43,13.23,3.89,0%,144,145,THURS,12377,323,13901,8.23,19.15,0,0,0,8.24,10.98,13.23,15.48,19.22,20.72,27.46,
37800,Luke Kornet,3300,C,SAS,DEN,164224,745923,,12.5,4.4,3.37,1.34,0,0.23,0.14,0.43,5.74,7.77,9.11,0.57,4.71,2.76,1.76,0,1.11,0.87,2.76,1.76,11.93,11.93,11.65,3.53,0%,144,145,THURS,38323,326,37800,7.44,16.4,0,0,0,7.34,9.62,11.65,13.42,16.46,17.73,23.3,
37900,De'Aaron Fox,6900,PG,SAS,DEN,164224,957489,,32.5,19.49,2.96,7.4,1.93,1.77,1.15,0.16,26.89,22.45,29.85,1.31,10.36,10.41,5.13,5.75,4.31,3.41,16.16,7.06,36.3,36.3,37.2,5.39,0%,144,145,THURS,38271,327,37900,28.59,46.57,0,0,0,28.88,33.56,37.2,40.84,46.57,49.17,59.83,
1115463,Keldon Johnson,4100,SG/SF,SAS,DEN,164224,1134174,,20,9.37,3.88,0.82,1,0.57,0.31,0.05,10.19,13.25,14.07,0.36,4.7,4.77,2.36,2.8,2.08,1.64,7.57,3.36,15.77,15.77,16.39,4,0%,144,145,THURS,69995,329,1115463,10.91,22.73,0,0,0,10.43,13.91,16.39,18.62,22.6,24.34,31.54,
2439442,Devin Vassell,5200,SF,SAS,DEN,164224,1132051,,32,13.09,4.54,2.89,2.12,0.68,0.88,0.53,15.98,17.63,20.52,1.41,7.43,5.79,2.66,5.67,1.73,1.39,11.46,4.78,26.42,26.42,26.67,5.13,0%,144,145,THURS,91366,330,2439442,19.51,34.69,0,0,0,19.51,23.46,26.67,29.88,34.57,36.33,45.19,
3597312,Julian Champagnie,4700,SF/PF,SAS,DEN,164224,1176070,,28,10.39,5.53,1.77,2.64,0.65,0.89,0.63,12.16,15.92,17.69,1.52,7.3,1.22,0.54,6.97,1.62,1.39,8.19,3.18,23.59,23.59,24.05,5.12,0%,144,145,THURS,89784,332,3597312,17.01,32.07,0,0,0,17.01,20.89,24.05,26.97,32.07,34.25,43.24,
4874559,Victor Wembanyama,11000,C,SAS,DEN,164224,1373356,Q,32.5,27.37,11.59,2.57,1.86,2.34,1.48,2.88,29.94,38.96,41.53,4.36,14.16,15.72,7.72,5.25,7.84,6.34,20.97,9.58,55.87,55.87,55.42,5.04,0%,144,145,THURS,264146,333,4874559,45.55,65.76,0,0,0,45.98,51.55,55.42,59.53,66.07,68.73,79.38,
6413239,Stephon Castle,7200,SG,SAS,DEN,164224,1461118,,32.5,17.65,5.24,7.5,1.34,2.72,1.04,0.28,25.15,22.89,30.39,1.32,12.74,9.65,4.43,4.54,6.58,4.77,14.19,5.77,36.43,36.43,37.78,5.25,0%,144,145,THURS,288759,335,6413239,29.46,46.81,0,0,0,29.83,34.3,37.78,41.51,47.26,49.46,59.16,
8985942,Carter Bryant,3200,SF,SAS,DEN,164224,1538604,,8,2.71,1.59,0.33,0.55,0.22,0.12,0.28,3.04,4.3,4.63,0.4,1.92,1.07,0.41,1.64,0.36,0.24,2.71,0.96,6.09,6.09,6.16,1.93,0%,144,145,THURS,503252,338,8985942,2.65,10.53,0,0,0,2.82,4.88,6.16,7.96,10.52,11.81,16.94,
8985943,Dylan Harper,4400,PG/SG,SAS,DEN,164224,1519362,,24,10.23,2.89,4.25,0.75,1.08,0.84,0.33,14.48,13.12,17.37,1.17,7.14,6.3,3.28,2.4,1.93,1.43,8.7,4.03,22.5,22.5,22.4,5.09,0%,144,145,THURS,457491,339,8985943,16.16,29.34,0,0,0,16.25,19.69,22.4,25.11,29.54,31.29,38.89,
409063,Trae Young,7900,PG,WAS,ORL,164219,1060978,,18.5,11.61,1.7,4.81,1.32,2.25,0.9,0.19,16.42,13.31,18.12,1.09,6.51,4.55,1.93,3.94,4.43,3.81,8.49,3.25,21.89,21.89,22.68,2.87,0%,139,138,THURS,75299,345,409063,16.09,30.11,0,0,0,16.24,19.85,22.68,25.52,30.15,31.96,40.47,
2442381,Anthony Gill,3900,C,WAS,ORL,164219,604290,,21.5,5.35,3.67,1.33,0.35,0.84,0.71,0.38,6.68,9.02,10.35,1.09,5,3.01,1.66,1.16,1.37,0.98,4.17,2.01,14.18,14.18,13.87,3.56,0%,139,138,THURS,161323,346,2442381,8.99,19.55,0,0,0,9.08,11.6,13.87,15.89,19.2,20.68,27.24,
3022324,Justin Champagnie,4600,PF,WAS,ORL,164219,1175260,,8,3.29,2.42,0.42,0.42,0.39,0.52,0.39,3.71,5.71,6.13,0.91,2.84,1.56,0.78,1.21,0.62,0.46,2.77,1.2,9.16,9.16,8.78,1.91,0%,139,138,THURS,90636,347,3022324,4.76,13.57,0,0,0,4.65,6.97,8.78,10.59,13.43,14.72,20.4,
3587932,Jaden Hardy,4200,SG,WAS,ORL,164219,1357748,,20,11.32,2.23,0.96,1.83,1.41,0.19,0.24,12.28,13.55,14.51,0.43,3.19,4.88,2.04,4.94,2.27,1.73,9.82,3.87,15.32,15.32,16.62,3.96,0%,139,138,THURS,194859,349,3587932,10.46,23.74,0,0,0,10.65,14.02,16.62,19.22,23.89,25.45,33.5,
4874611,Tristan Vukcevic,4700,C,WAS,ORL,164219,1350809,,4,2.02,0.98,0.39,0.22,0.46,0.17,0.19,2.41,3,3.39,0.36,1.37,0.91,0.44,0.68,0.59,0.47,1.59,0.66,4.4,4.4,4.43,0.94,0%,139,138,THURS,267060,350,4874611,1.67,6.82,0,0,0,1.3,3.13,4.43,5.73,7.82,8.86,13.55,
4874612,Bilal Coulibaly,4900,SF/PF,WAS,ORL,164219,1437526,,24,9.3,4,1.99,0.91,1.21,1.31,0.75,11.29,13.3,15.29,2.06,5.99,5.15,2.14,3.19,3.09,2.29,8.34,3.05,22.06,22.06,21.26,4.34,0%,139,138,THURS,266177,351,4874612,14.98,28.3,0,0,0,15.01,18.51,21.26,23.76,28.01,29.76,37.27,
6413302,Alexandre Sarr,6900,C,WAS,ORL,164219,1429349,,20,11.86,6.54,1.56,0.89,1.36,0.58,1.32,13.42,18.4,19.96,1.9,8.1,8.21,3.73,2.73,2.52,1.72,10.94,4.62,26.39,26.39,26.05,3.78,0%,139,138,THURS,368365,353,6413302,19.2,33.94,0,0,0,19.22,23.02,26.05,29.34,33.89,35.91,44.77,
6413304,Carlton Carrington,4800,PG/SG,WAS,ORL,164219,1460336,Q,24,7.64,3.48,3.78,1.46,1.91,0.76,0.53,11.42,11.12,14.9,1.29,7.26,3.1,1.26,3.96,0.98,0.75,7.06,2.72,19.45,19.45,20.02,4.17,0%,139,138,THURS,281770,355,6413304,13.61,27.17,0,0,0,13.86,17.45,20.02,22.84,27.46,29.52,37.48,
8986000,Tre Johnson,4500,PG/SG,WAS,ORL,164219,1546380,,22,14.03,3.61,1.43,2.56,1.8,0.69,0.29,15.46,17.64,19.07,0.98,5.04,5.4,2.31,6.71,1.99,1.72,12.11,4.87,21.65,21.65,23.03,5.12,0%,139,138,THURS,504436,356,8986000,15.78,31.19,0,0,0,15.61,19.45,23.03,26.1,30.96,33.27,42.73,
8986001,Will Riley,5400,SF/PF,WAS,ORL,164219,1520672,,26,12.11,3.25,1.73,1.31,1.54,0.82,0.08,13.84,15.36,17.09,0.9,4.98,6.13,2.78,3.93,3.3,2.61,10.06,4.09,19.77,19.77,20.45,3.79,0%,139,138,THURS,455401,357,8986001,14.06,27.69,0,0,0,14.32,17.64,20.45,23.26,27.86,29.4,38.35,
3005262,Sharife Cooper,3500,PG,WAS,ORL,164219,1251661,,4,1.66,0.33,0.64,0.15,0.39,0.09,0.01,2.3,1.99,2.63,0.1,0.97,0.92,0.45,0.42,0.41,0.31,1.34,0.6,2.93,2.93,3.11,0.89,0%,139,138,THURS,158378,359,3005262,1.02,6.16,0,0,0,0.52,1.56,3.11,4.15,5.96,6.74,11.15,
4991246,Leaky Black,3900,SF/PF,WAS,ORL,164219,1138380,,28,8.71,5.24,0.95,1.17,0.36,0.31,0.54,9.66,13.95,14.9,0.85,6.19,3.9,1.62,4.1,2.18,1.96,8,2.79,18.61,18.61,18.81,4.82,0%,139,138,THURS,281271,362,4991246,12.96,25.56,0,0,0,12.96,16.27,18.81,21.35,25.67,27.2,35.08,
11806914,Julian Reese,3700,C,WAS,ORL,164219,1324442,,20,8.72,2.96,1.63,0.78,1.1,0.75,0.31,10.35,11.68,13.31,1.06,4.59,4.78,2.13,2.27,2.83,2.13,7.05,2.91,16.8,16.8,16.83,4.55,0%,139,138,THURS,179733,363,11806914,11.23,23.17,0,0,0,11.22,14.03,16.83,19.38,23.2,24.73,31.62,