PLAYERID,PLAYER,SALARY,POS,TEAM,OPP,SCHEDULE_ID,PARTNERID,INJURY,MINUTES,PTS,REB,AST,3PM,TO,STL,BLK,P-A,P-R,P-R-A,B-S,R-A,2PA,2PM,3PA,FTA,FTM,FGA,FGM,UD,PP,FPTS,FPTS/$,POWN,TEAM_ID,OPP_TEAM_ID,SLATE,CORE_ID,REFID,RGID,FLOOR,CEIL,OPTO,PERFECT,SMASH,SIM15TH,SIM33RD,SIM50TH,SIM66TH,SIM85TH,SIM90TH,SIM99TH,OWNERSHIP
409154,"Michael Porter Jr.",8800,SF,BKN,BOS,160987,1061724,-,31,19.32,6.16,2.79,3,1.67,0.64,0.32,22.11,25.48,28.27,0.96,8.95,8.25,3.83,7.91,3.21,2.67,16.16,6.83,32.11,32.11,33.9,3.85,1.64%,126,125,FRI,75295,1,409154,25.39,43.29,1.44,1.44,1.24,25.36,30.28,33.9,37.78,43.22,45.8,55.9,
1115132,"Nic Claxton",6600,C,BKN,BOS,160987,1061682,-,27.5,11,6.35,3.11,0.05,1.06,0.57,0.46,14.11,17.35,20.46,1.03,9.46,7.56,4.54,0.25,3.11,1.78,7.81,4.59,25.32,25.32,25.24,3.82,0.22%,126,125,FRI,71024,2,1115132,18.86,32.38,0.42,0.42,0.43,18.87,22.44,25.24,27.79,32.38,34.16,42.58,
1115590,"Terance Mann",4000,SG/SF,BKN,BOS,160987,879504,-,10,2.74,1.1,0.68,0.32,0.49,0.22,0.07,3.42,3.84,4.52,0.29,1.78,1.37,0.69,0.86,0.48,0.38,2.23,1.01,5.46,5.46,5.63,1.41,0.39%,126,125,FRI,74628,3,1115590,2.31,9.57,0,0,0,2.41,4.29,5.63,7.24,9.65,10.99,16.09,
3005094,"Day'Ron Sharpe",5600,C,BKN,BOS,160987,1243725,,18.5,7.9,5.99,1.68,0.16,1.19,0.81,0.32,9.58,13.89,15.57,1.13,7.67,5.03,2.89,0.69,2.37,1.63,5.72,3.05,19.81,19.81,19.68,3.51,0.05%,126,125,FRI,148967,4,3005094,14.01,26.01,0.12,0.12,0.25,14.06,17.3,19.68,22.24,26.07,27.86,35.27,
3005396,"Ziaire Williams",4400,SF,BKN,BOS,160987,1231313,,13.5,4.69,1.58,0.56,0.8,0.49,0.69,0.15,5.25,6.27,6.83,0.84,2.14,1.64,0.68,2.48,1.1,0.93,4.12,1.48,9.46,9.46,9.34,2.12,0.05%,126,125,FRI,149033,5,3005396,4.94,14.66,0,0,0,5.07,7.47,9.34,11.74,14.94,16.28,22.95,
3587751,"Ochai Agbaji",3200,SF/PF,BKN,BOS,160987,1132831,,16,4.92,2.36,0.67,0.69,0.61,0.07,0.25,5.59,7.28,7.95,0.32,3.03,2.73,1.18,2.16,0.63,0.47,4.89,1.87,9.11,9.11,9.56,2.99,0.46%,126,125,FRI,72696,7,3587751,5.17,14.83,0,0,0.1,5.17,7.49,9.56,11.37,14.47,16.02,21.71,
3588057,"Josh Minott",3000,SF/PF,BKN,BOS,160987,1324299,,3.5,0.97,0.46,0.18,0.16,0.13,0.15,0.09,1.15,1.43,1.61,0.24,0.64,0.36,0.18,0.39,0.15,0.13,0.75,0.34,2.38,2.38,2.31,0.77,0.05%,126,125,FRI,179736,9,3588057,0.36,4.71,0,0,0,0,1.44,2.31,3.47,5.49,6.35,10.68,
4878197,"Noah Clowney",4900,PF,BKN,BOS,160987,1401380,,29.5,11.1,4.31,1.44,1.96,1.29,0.62,0.34,12.54,15.41,16.85,0.96,5.75,3.28,1.33,5.86,3.21,2.55,9.14,3.29,20.02,20.02,20.91,4.27,0.89%,126,125,FRI,244975,11,4878197,14.31,28.46,3.09,3.09,4.37,14.28,18.11,20.91,23.71,28.3,30.35,38.51,
4878198,"Jalen Wilson",3000,PF,BKN,BOS,160987,1174884,,3.5,1.17,0.6,0.11,0.2,0.1,0.12,0.03,1.28,1.77,1.88,0.15,0.71,0.43,0.17,0.57,0.3,0.23,1,0.37,2.41,2.41,2.44,0.81,0.05%,126,125,FRI,90541,12,4878198,0.67,4.64,0,0,0,0,1.53,2.44,3.66,5.8,6.71,11.59,
8985498,"Egor Demin",5000,PG/SG,BKN,BOS,160987,1523978,,26.5,9.5,2.97,2.77,1.8,1.26,0.55,0.41,12.27,12.47,15.24,0.96,5.74,3.83,1.5,4.67,1.33,1.1,8.5,3.3,18.84,18.84,19.56,3.91,0.05%,126,125,FRI,455367,15,8985498,13.08,26.92,0.81,0.81,2.2,13.21,16.77,19.56,22.35,26.93,28.7,36.83,
8985499,"Danny Wolf",4800,PF/C,BKN,BOS,160987,1415928,,21,8.11,4.34,2.69,1.18,0.88,0.43,0.64,10.8,12.45,15.14,1.07,7.03,4.03,1.64,3.68,1.71,1.27,7.71,2.82,19.68,19.68,19.87,4.14,0.54%,126,125,FRI,247158,16,8985499,13.76,26.82,2.8,2.8,2.65,13.58,17.1,19.87,22.39,26.66,28.17,35.72,
8998169,"Ben Saraf",3000,PG,BKN,BOS,160987,1590554,,11.5,3.31,1.13,1.44,0.37,0.88,0.41,0.09,4.75,4.44,5.88,0.5,2.57,2.01,0.67,1.48,1.17,0.85,3.49,1.04,7.45,7.45,7.63,2.54,0.05%,126,125,FRI,622358,17,8998169,3.86,12.13,0,0,0.01,3.95,6.05,7.63,9.47,12.1,13.16,19.21,
8998170,"Nolan Traore",5200,PG,BKN,BOS,160987,1590550,,28,10.33,1.67,4.41,1.24,2.05,0.72,0.34,14.74,12,16.41,1.06,6.08,6.02,2.43,3.79,2.29,1.77,9.81,3.67,20.08,20.08,20.76,3.99,0.44%,126,125,FRI,622357,18,8998170,14.27,28.02,0.87,0.87,2.28,14.43,17.98,20.76,23.29,27.6,29.62,37.72,
13296,"Nikola Vucevic",6300,C,BOS,BKN,160987,457598,,23,11.44,6.91,1.74,1.13,1.36,0.64,0.5,13.18,18.35,20.09,1.14,8.65,6.99,3.46,3.04,1.41,1.14,10.03,4.59,24.4,24.4,24.98,3.97,0.54%,125,126,FRI,12334,19,13296,18.15,32.82,1.09,1.09,1.22,18.03,22.15,24.98,28.33,32.96,34.77,43.27,
35181,"Jaylen Brown",9800,SG/SF,BOS,BKN,160987,883436,,33,28.01,6.33,4.53,2.3,3.08,0.78,0.4,32.54,34.34,38.87,1.18,10.86,16.1,7.54,6.83,7.89,6.02,22.93,9.84,42.86,42.86,44.84,4.58,20.25%,125,126,FRI,28025,20,35181,35.41,54.92,14.16,14.16,7.33,35.36,40.74,44.84,48.43,54.83,57.4,67.64,
37858,"Derrick White",8200,PG,BOS,BKN,160987,796009,,33,16.45,3.79,5.83,2.79,1.54,1.07,1.03,22.28,20.24,26.07,2.1,9.62,6.74,2.8,7.83,2.83,2.48,14.57,5.59,34.5,34.5,34.84,4.25,3.26%,125,126,FRI,38299,22,37858,26.37,44.15,4.61,4.61,3.45,26.45,31.28,34.84,38.65,44.25,46.79,57.73,
2439093,"Payton Pritchard",7200,PG/SG,BOS,BKN,160987,945610,,32,17.75,3.56,5.3,3.05,1.2,1.02,0.12,23.05,21.31,26.61,1.14,8.86,7.3,3.49,7.93,1.87,1.61,15.23,6.54,32.19,32.19,33.4,4.64,8.20%,125,126,FRI,73477,23,2439093,25.02,42.69,8.9,8.9,7.69,25.08,29.69,33.4,37.11,42.74,45.05,54.77,
3005208,"Luka Garza",3500,C,BOS,BKN,160987,1061057,,5.5,2.5,1.15,0.31,0.25,0.2,0.13,0.07,2.81,3.65,3.96,0.2,1.46,1.13,0.6,0.63,0.74,0.55,1.76,0.85,4.75,4.75,4.83,1.38,0.21%,125,126,FRI,72919,24,3005208,1.55,8.96,0,0,0,1.51,3.32,4.83,6.34,9.06,10.26,15.09,
3005606,"Neemias Queta",5300,C,BOS,BKN,160987,1142902,,24.5,9.62,7.9,1.47,0,0.94,0.67,1.05,11.09,17.52,18.99,1.72,9.37,6.24,3.97,0,2.38,1.67,6.24,3.97,25.53,25.53,24.84,4.69,4.10%,125,126,FRI,86307,25,3005606,18.52,32.14,3.47,3.47,6.79,18.5,22.05,24.84,27.63,32.19,34.22,42.59,
3022247,"Sam Hauser",4800,SF/PF,BOS,BKN,160987,922378,,26.5,10.54,3.64,1.59,3.02,0.49,0.65,0.38,12.13,14.18,15.77,1.03,5.23,1.44,0.63,7.37,0.24,0.22,8.81,3.65,19.89,19.89,20.8,4.33,1.92%,125,126,FRI,72761,26,3022247,13.75,28.84,4.58,4.58,6.05,13.95,17.76,20.8,23.84,28.92,30.69,40.33,
4878181,"Jordan Walsh",3200,PF,BOS,BKN,160987,1401388,,11,3.03,2.42,0.53,0.47,0.31,0.59,0.19,3.56,5.45,5.98,0.78,2.95,1.27,0.59,1.37,0.6,0.43,2.64,1.06,8.76,8.76,8.49,2.65,0.30%,125,126,FRI,245001,27,4878181,4.58,13.32,0,0,0.01,4.37,6.69,8.49,10.29,13.38,14.66,21.1,
6412744,"Baylor Scheierman",4200,SG,BOS,BKN,160987,1177129,,25.5,6.05,4.43,1.71,1.46,0.69,0.77,0.24,7.76,10.48,12.19,1.01,6.14,1.54,0.62,4.1,0.53,0.43,5.64,2.08,16.27,16.27,16.56,3.94,0.37%,125,126,FRI,90655,28,6412744,10.79,23.26,0.51,0.51,1.9,10.7,14.01,16.56,19.11,23.18,24.71,32.61,
8998149,"Hugo Gonzalez",3100,SG/SF,BOS,BKN,160987,1590553,,14.5,3.33,2.78,0.57,0.51,0.49,0.49,0.05,3.9,6.11,6.68,0.54,3.35,1.76,0.8,1.57,0.43,0.21,3.33,1.31,8.65,8.65,8.75,2.82,0.48%,125,126,FRI,622359,29,8998149,4.7,13.59,0,0,0.03,4.63,6.95,8.75,10.55,13.38,14.67,20.33,
3583585,"Ron Harper",3000,SF/PF,BOS,BKN,160987,1133934,,11.5,2.53,1.62,0.92,0.64,0.19,0.24,0.34,3.45,4.15,5.07,0.58,2.54,0.74,0.22,2.71,0.24,0.17,3.45,0.86,7.4,7.4,7.32,2.44,0.35%,125,126,FRI,69896,34,3583585,3.59,12.11,0,0,0.01,3.53,5.55,7.32,9.09,11.86,13.13,18.68,
18595,"Dennis Schroder",5100,PG,CLE,DET,160986,739958,,32,15.44,2.62,5.97,1.95,2.57,1.54,0.4,21.41,18.06,24.03,1.94,8.59,7.67,3.09,5.53,4.13,3.41,13.2,5.04,30.79,30.79,31.31,6.14,39.33%,131,132,FRI,12453,38,18595,23.24,40.25,33.68,33.68,37.59,23.29,27.69,31.31,34.42,39.85,41.92,51.75,
18946,"Larry Nance Jr.",3000,PF/C,CLE,DET,160986,603640,,12,3.27,2.7,0.93,0.45,0.55,0.74,0.08,4.2,5.97,6.9,0.82,3.63,1.74,0.8,1.2,0.43,0.3,2.94,1.25,9.82,9.82,9.63,3.21,0.05%,131,132,FRI,12097,39,18946,5.41,14.65,0,0,0.13,5.21,7.55,9.63,11.45,14.58,16.14,21.86,
37794,"Jarrett Allen",7800,C,CLE,DET,160986,956574,,32,18.12,9.75,1.59,0.01,1.89,0.92,0.81,19.71,27.87,29.46,1.73,11.34,10.17,6.93,0.16,5.74,4.24,10.33,6.94,35.51,35.51,35.84,4.59,8.17%,131,132,FRI,38286,40,37794,27.75,44.45,6.2,6.2,5.75,27.85,32.23,35.84,39.19,44.09,46.15,55.44,
2439420,"Sam Merrill",4800,SG/SF,CLE,DET,160986,953106,,32,13.19,2.61,2.06,3.68,1.11,0.66,0.31,15.25,15.8,17.86,0.97,4.67,1.39,0.63,8.95,1.03,0.91,10.34,4.31,21.21,21.21,22.77,4.74,3.78%,131,132,FRI,72801,44,2439420,15.22,30.28,8.51,8.51,9.82,15.35,19.7,22.77,26.1,31.47,33.77,44.26,
3005190,"Evan Mobley",8300,PF/C,CLE,DET,160986,1231862,,28,15.87,7.11,2.6,1.01,2.23,0.65,1.41,18.47,22.98,25.58,2.06,9.71,8.8,4.78,2.93,4.77,3.25,11.73,5.79,32.25,32.25,32.35,3.9,1.35%,131,132,FRI,149666,45,3005190,24.57,40.88,3.08,3.08,0.94,24.64,28.87,32.35,35.59,41.06,43.3,52.26,
4934240,"Craig Porter",3500,PG,CLE,DET,160986,1236197,,23,6.83,2.96,4.11,0.76,1.67,1.26,0.51,10.94,9.79,13.9,1.77,7.07,4.17,1.89,1.97,1.23,0.79,6.14,2.65,20.19,20.19,19.78,5.65,5.81%,131,132,FRI,180209,47,4934240,13.74,26.64,7.97,7.97,16.74,13.69,17.24,19.78,22.57,26.63,28.4,36.27,
6412819,"Jaylon Tyson",5600,SF,CLE,DET,160986,1342747,,33,18.04,5.91,2.12,2.72,2.55,0.91,0.33,20.16,23.95,26.07,1.24,8.03,8.22,3.89,6.17,2.7,2.1,14.39,6.61,29.48,29.48,31.25,5.58,36.99%,131,132,FRI,180082,48,6412819,22.94,40.4,30.8,30.8,27.38,22.99,27.63,31.25,35.12,41.06,43.39,54.24,
7796671,"Nae'Qwan Tomlin",3300,PF,CLE,DET,160986,1403628,,19,6.29,2.8,0.64,0.5,0.58,0.9,0.54,6.93,9.09,9.73,1.44,3.44,3.99,1.81,2.28,1.57,1.19,6.27,2.31,14.35,14.35,13.59,4.12,0.31%,131,132,FRI,245036,50,7796671,8.48,19.39,1.12,1.12,1.82,8.62,11.24,13.59,15.94,19.6,21.17,27.97,
8998236,"Tyrese Proctor",3000,PG/SG,CLE,DET,160986,1403594,,15,6.61,0.92,2.18,1.25,0.8,0.4,0.65,8.79,7.53,9.71,1.05,3.1,2.34,1,3.68,1.03,0.88,6.02,2.25,13.33,13.33,13.36,4.45,0.41%,131,132,FRI,245535,52,8998236,7.95,19.6,0.95,0.95,4.09,7.96,11.05,13.36,15.67,19.53,21.32,28.26,
37884,"Thomas Bryant",3100,C,CLE,DET,160986,896601,,14,5.91,2.47,0.63,0.72,0.62,0.27,0.21,6.54,8.38,9.01,0.48,3.1,2.56,1.29,2.14,1.35,1.16,4.7,2.01,10.64,10.64,10.95,3.53,0.21%,131,132,FRI,38313,53,37884,6.35,16.39,0.06,0.06,0.47,6.26,8.86,10.95,13.12,16.43,17.99,24.25,
13990,"Khris Middleton",5600,PF,DAL,MEM,160989,512053,,26.5,15.9,4.33,3.36,1.74,1.78,0.62,0.27,19.26,20.23,23.59,0.89,7.69,8.39,3.93,4.87,3.31,2.83,13.26,5.67,27.03,27.03,28.14,5.03,22.83%,140,142,FRI,12405,57,13990,20.92,36.13,26.72,26.72,13.58,20.75,24.56,28.14,31.24,35.81,37.92,46.98,
18566,"Dwight Powell",3000,C,DAL,MEM,160989,552309,,15,4.19,4.53,0.89,0.02,0.49,0.33,0.23,5.08,8.72,9.61,0.56,5.42,1.96,1.21,0.1,2.72,1.7,2.06,1.23,12.15,12.15,12.1,4.03,0.05%,140,142,FRI,12550,58,18566,8.61,15.97,4.19,4.19,0.1,8.64,10.54,12.1,13.48,15.9,16.94,21.61,
18938,"Tyus Jones",3200,PG,DAL,MEM,160989,842297,,21.5,7.33,1.71,4.12,1.44,0.6,0.51,0.16,11.45,9.04,13.16,0.67,5.83,3.12,1.28,3.96,0.49,0.44,7.08,2.72,16.97,16.97,17.42,5.44,9.04%,140,142,FRI,12049,59,18938,11.78,23.81,9.52,9.52,11.96,11.85,14.87,17.42,19.74,23.69,25.32,32.75,
1115204,"Daniel Gafford",4400,C,DAL,MEM,160989,1061647,,27,13.41,7.62,1.22,0,1.45,1.02,1.29,14.63,21.03,22.25,2.31,8.84,7.85,5.23,0,4.18,2.94,7.85,5.23,29.86,29.86,28.91,6.57,42.41%,140,142,FRI,71699,61,1115204,21.85,36.89,34.47,34.47,41.63,21.94,25.81,28.91,32.01,37.17,38.98,46.72,
2484012,"Naji Marshall",6300,SF,DAL,MEM,160989,1060704,,33.5,23.8,5.91,3.71,1.75,3.17,0.91,0.38,27.51,29.71,33.42,1.29,9.62,13.34,6.93,5.84,6.08,4.7,19.18,8.68,37.16,37.16,38.75,6.15,53.89%,140,142,FRI,70165,64,2484012,30.16,48.19,72.75,72.75,38.02,30.19,35.23,38.75,42.52,48.31,50.58,60.64,
3267960,"Brandon Williams",5500,PG/SG,DAL,MEM,160989,1134688,,31.5,20.79,4.05,4.88,1.17,2.81,1.6,0.24,25.67,24.84,29.72,1.84,8.93,11.21,5.79,4.3,7.32,5.7,15.51,6.96,35.68,35.68,36.07,6.56,65.89%,140,142,FRI,87233,65,3267960,28.09,44.66,81,81,50.34,27.89,32.7,36.07,39.68,44.73,47.13,55.79,
3588176,"Max Christie",4800,SG,DAL,MEM,160989,1340703,,32,18.34,3.39,2.48,3.19,1.54,0.66,0.31,20.82,21.73,24.21,0.97,5.87,6.45,2.87,7.94,3.51,3.01,14.39,6.06,27.5,27.5,29.07,6.06,36.55%,140,142,FRI,179747,66,3588176,21.01,38.04,30.47,30.47,34.35,21.17,25.5,29.07,32.64,37.99,40.04,48.96,
6413040,"AJ Johnson",3000,PG/SG,DAL,MEM,160989,1502175,,23.5,8.46,2.99,2.01,0.95,1.11,0.62,0.27,10.47,11.45,13.46,0.89,5,5.68,2.16,3.49,1.55,1.3,9.17,3.11,16.62,16.62,16.91,5.64,3.29%,140,142,FRI,449000,68,6413040,11.26,23.26,6.18,6.18,13.6,11.19,14.17,16.91,19.15,23.13,24.87,32.58,
9095566,"Miles Kelly",3000,SG,DAL,MEM,160989,1324019,,21.5,7.99,4.46,2.57,1.31,0.9,0.87,0.2,10.56,12.45,15.02,1.07,7.03,3.93,1.71,3.78,0.78,0.65,7.71,3.02,19.51,19.51,19.77,6.59,20.95%,140,142,FRI,179596,70,9095566,13.35,27.02,8.57,8.57,29.26,13.56,16.95,19.77,22.59,27.4,29.09,37,
10613000,"Moussa Cisse",3100,C,DAL,MEM,160989,1231606,,8,1.92,2.99,0.2,0,0.38,0.12,0.46,2.12,4.91,5.11,0.58,3.19,1.06,0.6,0,1.49,0.72,1.06,0.6,7.17,7.17,6.98,2.25,0.41%,140,142,FRI,148674,75,10613000,3.12,11.81,0,0,0,4.89,4.89,4.89,4.89,4.89,4.89,4.89,
13301,"Jonas Valanciunas",3800,C,DEN,OKC,160990,599780,,12,7.12,4.47,0.98,0.1,1.05,0.27,0.57,8.1,11.59,12.57,0.84,5.45,4.9,2.72,0.4,1.7,1.37,5.3,2.82,15.42,15.42,15.39,4.05,0.51%,145,148,FRI,12323,76,13301,10.3,21.06,0.2,0.2,1.22,10.26,13.08,15.39,17.7,21.29,22.57,29.24,
16879,"Tim Hardaway Jr.",4600,SF/PF,DEN,OKC,160990,551771,,23.5,10.39,2.44,1.2,2.11,0.52,0.46,0.24,11.59,12.83,14.03,0.7,3.64,2.74,1.2,5.59,1.95,1.64,8.33,3.31,16.7,16.7,17.44,3.79,0.32%,145,148,FRI,12479,77,16879,11.12,24.78,1.14,1.14,1.98,11.03,14.36,17.44,20,24.62,26.42,34.62,
31812,"Nikola Jokic",12300,C,DEN,OKC,160990,830650,,35,27.34,13.63,9.33,2.06,4.12,1.53,0.94,36.67,40.97,50.3,2.47,22.96,13.41,7.34,5.08,7.99,6.49,18.49,9.4,60.98,60.98,63.9,5.2,51.69%,145,148,FRI,12576,79,31812,52.91,75.49,56.55,56.55,25.04,52.55,58.88,63.9,68.65,75.25,78.16,89.25,
35211,"Jamal Murray",8700,PG,DEN,OKC,160990,891352,P,34,22,4.14,6.17,2.63,2.24,0.88,0.48,28.17,26.14,32.31,1.36,10.31,10.78,5.08,6.4,4.52,3.97,17.18,7.71,38.06,38.06,39.45,4.53,10.62%,145,148,FRI,28062,80,35211,30.49,49.18,8.63,8.63,6.64,30.43,35.32,39.45,43.06,49.25,51.83,62.4,
408913,"Bruce Brown",4500,PG/SG,DEN,OKC,160990,941834,,27,7.53,4.22,2.11,0.58,1.16,1.28,0.4,9.64,11.75,13.86,1.68,6.33,4.9,2.27,1.68,1.58,1.24,6.58,2.85,19.64,19.64,19.04,4.23,0.56%,145,148,FRI,75331,81,408913,13.2,25.6,1.2,1.2,2.69,13.2,16.5,19.04,21.83,25.89,27.16,34.78,
1115625,"Cameron Johnson",5500,SF/PF,DEN,OKC,160990,843005,,33,12.62,4.16,2.25,2.05,0.9,0.63,0.44,14.87,16.78,19.03,1.07,6.41,4.16,1.91,5.12,3.05,2.66,9.28,3.96,23.3,23.3,23.92,4.35,3.17%,145,148,FRI,70669,82,1115625,16.94,31.73,5.94,5.94,5.12,17.12,20.9,23.92,26.94,31.98,33.74,41.8,
2439457,"Zeke Nnaji",3000,PF/C,DEN,OKC,160990,1193676,,1,0.37,0.23,0.02,0.03,0.03,0.01,0.03,0.39,0.6,0.62,0.04,0.25,0.21,0.1,0.11,0.13,0.09,0.32,0.13,0.77,0.77,0.77,0.26,0.05%,145,148,FRI,92620,83,2439457,0.77,0.77,0,0,0,0.33,0.55,0.77,0.99,1.32,1.4,1.47,
3588037,"Christian Braun",5300,SG,DEN,OKC,160990,1174878,,32,10.6,4.89,2.57,0.91,1.34,0.69,0.51,13.17,15.49,18.06,1.2,7.46,5.6,2.99,2.61,2.45,1.9,8.21,3.9,22.58,22.58,22.77,4.3,0.70%,145,148,FRI,90542,85,3588037,16.23,29.92,2.07,2.07,3.7,16.19,19.99,22.77,25.55,29.85,31.62,40.23,
4878294,"Jalen Pickett",3100,PG/SG,DEN,OKC,160990,1136567,Q,1,0.29,0.11,0.09,0.06,0.03,0.01,0.01,0.38,0.4,0.49,0.02,0.2,0.13,0.05,0.16,0.02,0.01,0.29,0.11,0.59,0.59,0.62,0.2,0.05%,145,148,FRI,87084,86,4878294,0.62,0.62,0,0,0,0.27,0.44,0.62,0.8,1.06,1.13,1.18,
4878295,"Julian Strawther",5000,SG/SF,DEN,OKC,160990,1241584,,23,10.18,3.06,1.4,1.2,1.01,0.71,0.27,11.58,13.24,14.64,0.98,4.46,5.24,2.44,3.51,2.09,1.69,8.75,3.64,17.88,17.88,18.16,3.63,0.05%,145,148,FRI,149531,87,4878295,12.09,24.99,0.52,0.52,0.87,12.28,15.6,18.16,20.97,25.07,26.6,34.27,
6863241,"Spencer Jones",4200,PF,DEN,OKC,160990,1176586,Q,18.5,4.27,2.6,0.67,0.65,0.55,0.76,0.3,4.94,6.87,7.54,1.06,3.27,1.96,0.85,1.89,0.84,0.62,3.85,1.5,11.03,11.03,10.7,2.55,0.41%,145,148,FRI,89746,90,6863241,6.16,16.16,0.01,0.01,0.01,6.26,8.61,10.7,12.79,16.18,17.75,24.01,
13332,"Tobias Harris",5500,PF,DET,CLE,160986,552523,,30.5,13.74,4.69,2.05,1.36,1.18,0.99,0.25,15.79,18.43,20.48,1.24,6.74,8.14,3.61,3.92,2.83,2.44,12.06,4.97,24.98,24.98,25.27,4.59,8.05%,132,131,FRI,12337,96,13332,18.33,32.93,8.26,8.26,7.08,18.26,22.27,25.27,28.02,32.53,34.53,43.53,
35192,"Caris LeVert",3500,PG/SG,DET,CLE,160986,698991,,19.5,7.53,1.54,2.58,1.02,1.27,0.7,0.48,10.11,9.07,11.65,1.18,4.12,3.57,1.57,2.92,1.87,1.34,6.49,2.59,15.52,15.52,15.56,4.45,0.05%,132,131,FRI,28032,97,35192,9.99,21.94,1.52,1.52,4.03,10.04,13.05,15.56,18.07,22.09,23.59,30.62,
408969,"Kevin Huerter",3000,SG/SF,DET,CLE,160986,944785,,1.5,0.63,0.17,0.14,0.1,0.05,0.07,0.04,0.77,0.8,0.94,0.11,0.31,0.31,0.14,0.31,0.07,0.05,0.62,0.24,1.32,1.32,1.3,0.43,0.37%,132,131,FRI,70259,99,408969,0.48,2.65,0,0,0,0,0,1.3,1.95,4.23,4.55,9.1,
555145,"Duncan Robinson",4600,SG,DET,CLE,160986,854591,,26,10.65,2.3,1.82,2.62,0.47,0.48,0.27,12.47,12.95,14.77,0.75,4.12,2.16,0.94,6.64,1.09,0.89,8.8,3.56,17.92,17.92,18.83,4.09,0.05%,132,131,FRI,74104,100,555145,12.18,26.42,1.51,1.51,3.76,12.21,15.78,18.83,21.88,26.72,28.5,37.15,
1193057,"Javonte Green",3200,SG/SF,DET,CLE,160986,624174,,16,5.3,2.16,0.51,0.77,0.52,0.76,0.27,5.81,7.46,7.97,1.03,2.67,2.15,0.93,2.22,1.44,1.12,4.37,1.7,11.23,11.23,10.95,3.42,0.51%,132,131,FRI,92980,101,1193057,6.29,16.53,0.28,0.28,0.41,6.26,8.86,10.95,13.04,16.69,17.99,24.77,
2439153,"Paul Reed",4500,C,DET,CLE,160986,1076238,,18.5,8.13,5.21,1.32,0.31,1.14,0.85,0.8,9.45,13.34,14.66,1.65,6.53,5.36,3.02,0.89,1.72,1.17,6.25,3.33,20.17,20.17,19.52,4.34,0.05%,132,131,FRI,73899,102,2439153,13.74,25.97,0.9,0.9,3.02,13.76,17.02,19.52,22.02,25.53,27.03,34.54,
3005207,"Cade Cunningham",11000,PG,DET,CLE,160986,1232182,,36,26.93,6.13,9.61,2.18,3.74,1.33,0.65,36.54,33.06,42.67,1.98,15.74,15.45,7.16,6.28,7.3,6.06,21.73,9.34,50.9,50.9,52.76,4.8,21.28%,132,131,FRI,122680,104,3005207,42.48,63.78,18.25,18.25,12.52,42.26,48.3,52.76,56.96,63.78,66.67,79.27,
3587772,"Jalen Duren",7900,C,DET,CLE,160986,1344765,,29.5,19.53,10.2,1.62,0,1.8,0.87,0.59,21.15,29.73,31.35,1.46,11.82,11.35,7.34,0,6.62,4.85,11.35,7.34,36.78,36.78,37.46,4.74,13.32%,132,131,FRI,179734,105,3587772,29.36,45.96,10.84,10.84,7.34,29.31,33.89,37.46,40.77,46.12,48.16,58.36,
4874246,"Ausar Thompson",5200,SF,DET,CLE,160986,1429338,,25,9.23,5.08,2.3,0.19,1.2,1.43,0.57,11.53,14.31,16.61,2,7.38,6.61,3.45,0.76,2.97,1.76,7.37,3.64,23.58,23.58,22.54,4.33,1.53%,132,131,FRI,266068,106,4874246,16.33,29.37,2.02,2.02,3.33,16.21,19.75,22.54,25.07,29.12,30.9,38.5,
6412876,"Ronald Holland II",4000,PF,DET,CLE,160986,1501942,,19.5,6.72,3.71,1.12,0.53,1.07,0.96,0.39,7.84,10.43,11.55,1.35,4.83,3.94,1.75,2.33,2.07,1.62,6.27,2.28,15.83,15.83,15.47,3.87,0.42%,132,131,FRI,368369,109,6412876,10.17,21.55,0.8,0.8,1.1,10.14,13.19,15.47,17.75,21.56,23.08,29.93,
6447997,"Daniss Jenkins",3400,PG,DET,CLE,160986,1182387,,18,7.71,1.7,2.85,0.93,1.24,0.74,0.23,10.56,9.41,12.26,0.97,4.55,4.28,1.74,2.58,1.86,1.44,6.86,2.67,15.7,15.7,15.9,4.68,0.46%,132,131,FRI,91330,110,6447997,10.4,22.21,1.87,1.87,5.2,10.43,13.42,15.9,18.38,22.36,24.1,31.05,
3583997,"Scotty Pippen Jr.",5200,PG,MEM,DAL,160989,1176798,,22.5,14.84,3.25,4.43,1.74,2.09,1.12,0.34,19.27,18.09,22.52,1.46,7.68,7.53,3.38,4.64,3.77,2.87,12.17,5.12,27.68,27.68,28.31,5.44,24.37%,142,140,FRI,90685,123,3583997,20.79,36.66,17.64,17.64,21.77,20.91,24.99,28.31,31.63,36.98,39.02,48.21,
4874521,"Rayan Rupert",3700,SG/SF,MEM,DAL,160989,1433295,,24,7.24,5.53,1.43,1.1,0.96,1.27,0.7,8.67,12.77,14.2,1.97,6.96,4.12,1.55,3.59,1.19,0.86,7.71,2.65,20.97,20.97,20.33,5.49,17.34%,142,140,FRI,267057,124,4874521,14.17,27.27,12.73,12.73,15.43,14.31,17.82,20.33,23.09,27.36,29.11,37.4,
4878275,"Olivier-Maxence Prosper",4800,PF/C,MEM,DAL,160989,1232483,,24.5,13.04,5.72,1.25,1.15,1.3,1.41,0.87,14.29,18.76,20.01,2.28,6.97,6.39,3.1,3.35,4.45,3.39,9.74,4.25,27.32,27.32,26.63,5.55,29.28%,142,140,FRI,148847,125,4878275,19.71,34.53,28.13,28.13,21.41,19.6,23.62,26.63,29.9,35.17,36.93,46.48,
4878429,"Gregory Jackson",6000,PF,MEM,DAL,160989,1405584,,26,16.43,5.44,1.74,2.26,1.88,0.78,1.23,18.17,21.87,23.61,2.01,7.18,7.19,3.38,6.62,3.93,2.88,13.81,5.64,29.72,29.72,30.12,5.02,20.46%,142,140,FRI,245013,126,4878429,22.24,38.79,23.08,23.08,15.56,22.15,26.64,30.12,33.6,38.83,41.07,50.78,
4878700,"Taylor Hendricks",4200,SF/PF,MEM,DAL,160989,1405861,,25,11.47,5.23,1.68,1.84,1.49,0.55,0.77,13.15,16.7,18.38,1.32,6.91,5.26,2.27,5.24,2.08,1.41,10.5,4.11,22.74,22.74,23.38,5.57,27.27%,142,140,FRI,245312,127,4878700,16.5,31.24,22.56,22.56,20.32,16.42,20.4,23.38,26.36,31.34,33.33,42.03,
6412994,"Cam Spencer",5000,PG/SG,MEM,DAL,160989,1177001,,22,9.81,2.5,5.21,1.92,1.11,0.76,0.29,15.02,12.31,17.52,1.05,7.71,2.53,1.16,4.49,1.85,1.73,7.02,3.08,22.67,22.67,23.28,4.66,0.55%,142,140,FRI,90391,128,6412994,16.47,30.97,4.39,4.39,7.93,16.45,20.24,23.28,26.32,31.12,32.9,40.99,
6412995,"Jaylen Wells",4900,SF,MEM,DAL,160989,1423140,,26,15.32,3.73,1.57,2.51,1.16,1.03,0.27,16.89,19.05,20.62,1.3,5.3,5.96,2.62,7.26,3.19,2.53,13.22,5.13,24.89,24.89,25.62,5.23,16.69%,142,140,FRI,252511,129,6412995,18.2,33.95,15.23,15.23,17.43,18.52,22.07,25.62,28.92,34.24,36.27,45.92,
8985981,"Walter Clayton",4400,SG,MEM,DAL,160989,1338969,,22.5,8.99,2.59,3.98,1.39,2.5,1.09,0.51,12.97,11.58,15.56,1.6,6.57,3.85,1.45,4.71,2.06,1.9,8.56,2.84,20.37,20.37,20.85,4.74,2.21%,142,140,FRI,179646,132,8985981,14.39,28.13,3.89,3.89,8.01,14.4,17.87,20.85,23.83,28.05,29.79,37.73,
8998404,"Jahmai Mashack",4100,SF,MEM,DAL,160989,1328248,,20.5,5.82,2.64,2.15,0.93,1.16,1.26,0.25,7.97,8.46,10.61,1.51,4.79,3.73,1.46,3.2,0.41,0.1,6.93,2.39,15.58,15.58,15.25,3.72,0.05%,142,140,FRI,180064,133,8998404,9.73,21.54,0.55,0.55,0.99,9.75,12.75,15.25,17.5,21.25,23,30,
8998405,"Javon Small",4700,PG/SG,MEM,DAL,160989,1324003,,27,14.3,4,3.86,2.21,1.83,0.98,0.23,18.16,18.3,22.16,1.21,7.86,5.32,2.47,5.11,3.41,2.73,10.43,4.68,26.69,26.69,27.71,5.9,48.35%,142,140,FRI,179512,134,8998405,20.02,36.21,20.98,20.98,29.81,19.94,24.34,27.71,30.82,36,38.07,46.87,
18617,"Gary Harris",3000,SF,MIL,NYK,160988,712593,,1,0.2,0.09,0.08,0.05,0.03,0.04,0.01,0.28,0.29,0.37,0.05,0.17,0.05,0.02,0.13,0.02,0.01,0.18,0.07,0.55,0.55,0.54,0.18,0.05%,134,127,FRI,12531,139,18617,0.54,0.54,0,0,0,0.23,0.39,0.54,0.69,0.93,0.98,1.03,
18909,"Bobby Portis",6200,PF/C,MIL,NYK,160988,750703,,22,10.63,5.85,1.55,1.18,0.67,0.67,0.28,12.18,16.48,18.03,0.95,7.4,6.51,3.18,2.78,0.93,0.72,9.29,4.36,22.16,22.16,22.49,3.63,0.28%,134,127,FRI,12075,140,18909,16,29.82,1.06,1.06,0.69,15.99,19.74,22.49,25.49,29.74,31.49,39.73,
18915,"Myles Turner",6400,C,MIL,NYK,160988,843762,,25,11.44,5.01,1.55,1.7,1.12,0.54,1.22,12.99,16.45,18,1.76,6.56,4.14,2.04,4.42,3.01,2.29,8.56,3.74,23.94,23.94,23.88,3.73,0.41%,134,127,FRI,12071,141,18915,17.12,31.44,0.78,0.78,0.57,17.16,20.9,23.88,26.87,31.59,33.58,42.29,
37886,"Kyle Kuzma",5800,PF,MIL,NYK,160988,844476,,25,10.05,4.82,2.45,0.99,1.79,0.52,0.39,12.5,14.87,17.32,0.91,7.27,6.04,2.69,3.07,2.42,1.68,9.11,3.68,20.45,20.45,21.19,3.65,0.05%,134,127,FRI,38296,145,37886,15,28.23,1.04,1.04,0.68,15.21,18.45,21.19,24.18,28.42,30.16,38.89,
409320,"Gary Trent Jr.",3000,SG/SF,MIL,NYK,160988,1060908,,1,0.31,0.04,0.06,0.07,0.03,0.03,0.03,0.37,0.35,0.41,0.06,0.1,0.1,0.04,0.18,0.04,0.03,0.28,0.11,0.6,0.6,0.59,0.2,0.46%,134,127,FRI,70597,146,409320,0.59,0.59,0,0,0,0.25,0.42,0.59,0.76,1.01,1.07,1.12,
1115225,"Kevin Porter Jr.",8600,PG/SG,MIL,NYK,160988,1135158,,35.5,19.72,5.1,6.4,1.85,4.03,1.53,0.63,26.12,24.82,31.22,2.16,11.5,10.56,4.97,5.7,5.12,4.23,16.26,6.82,37.89,37.89,39.07,4.54,10.04%,134,127,FRI,86566,147,1115225,30.25,48.66,9.24,9.24,6.51,30.07,35.21,39.07,42.93,48.58,50.89,61.95,
3005097,"Cam Thomas",4300,PG/SG,MIL,NYK,160988,1232020,,20,13.31,2.52,1.89,1.4,1.57,0.28,0.06,15.2,15.83,17.72,0.34,4.41,6.59,2.87,4.03,3.88,3.36,10.62,4.27,18.62,18.62,19.89,4.63,0.05%,134,127,FRI,149404,148,3005097,13.62,26.99,2.83,2.83,6.52,13.6,17.12,19.89,22.91,26.94,28.95,37.01,
3005115,"Jericho Sims",4400,C,MIL,NYK,160988,1071933,,25,6.29,6.97,0.94,0,1.03,0.32,0.53,7.23,13.26,14.2,0.85,7.91,3.62,2.75,0,1.2,0.78,3.62,2.75,17.58,17.58,17.64,4.01,0.05%,134,127,FRI,71367,149,3005115,12.46,23.34,0.39,0.39,0.9,12.67,15.65,17.64,19.88,23.6,24.85,32.06,
3583672,"AJ Green",4500,SG/SF,MIL,NYK,160988,1141111,,32,10.25,2.8,1.63,2.97,0.79,0.57,0.13,11.88,13.05,14.68,0.7,4.43,0.98,0.41,6.95,0.64,0.52,7.93,3.38,17.37,17.37,18.69,4.15,0.21%,134,127,FRI,89684,150,3583672,11.91,25.61,2.73,2.73,3.62,11.62,15.41,18.69,21.47,26.01,28.04,36.62,
3588099,"Ousmane Dieng",3500,SF,MIL,NYK,160988,1375876,,16.5,5.76,2.97,1.32,1.08,0.88,0.41,0.37,7.08,8.73,10.05,0.78,4.29,2.31,1,2.9,0.66,0.53,5.21,2.08,12.76,12.76,13.11,3.75,0.05%,134,127,FRI,195262,151,3588099,8.04,19.02,0.7,0.7,0.94,7.92,10.88,13.11,15.58,19.05,20.53,27.21,
3588137,"Ryan Rollins",8100,PG,MIL,NYK,160988,1232221,,35,18.57,4.82,4.7,2.71,2.51,1.31,0.51,23.27,23.39,28.09,1.82,9.52,9.01,4.28,6.52,2.41,1.87,15.53,6.99,34.35,34.35,35.44,4.38,4.92%,134,127,FRI,149956,152,3588137,26.76,44.85,6.12,6.12,4.8,26.77,31.62,35.44,39.01,44.87,47.17,57.88,
4878469,"Andre Jackson",3000,SG/SF,MIL,NYK,160988,1231279,,1,0.24,0.14,0.07,0.03,0.04,0.02,0.01,0.31,0.38,0.45,0.03,0.21,0.16,0.06,0.1,0.04,0.02,0.26,0.09,0.56,0.56,0.58,0.19,0.16%,134,127,FRI,190362,153,4878469,0.58,0.58,0,0,0,0.25,0.41,0.58,0.75,0.99,1.06,1.1,
5244831,"Pete Nance",3100,PF/C,MIL,NYK,160988,1133861,,1,0.3,0.18,0.04,0.07,0.02,0.02,0.03,0.34,0.48,0.52,0.05,0.22,0.09,0.05,0.16,0,0,0.25,0.12,0.71,0.71,0.71,0.23,0.35%,134,127,FRI,72363,154,5244831,0.71,0.71,0,0,0,0.3,0.51,0.71,0.91,1.22,1.29,1.35,
18937,"Karl-Anthony Towns",8500,C,NYK,MIL,160988,837030,,30.5,19.25,10.99,2.55,1.58,2.28,0.79,0.43,21.8,30.24,32.79,1.22,13.54,9.42,4.83,4.12,5.73,4.85,13.54,6.41,37.64,37.64,39.89,4.69,12.61%,127,134,FRI,12061,159,18937,31.19,49.03,15.47,15.47,7.87,31.11,36.13,39.89,43.65,48.92,51.43,61.21,
37807,"OG Anunoby",6600,PF,NYK,MIL,160988,900535,,34,15.58,5.35,2.41,2.13,1.86,1.6,0.66,17.99,20.93,23.34,2.26,7.76,7,3.28,5.89,3.31,2.63,12.89,5.41,30.54,30.54,30.58,4.63,14.30%,127,134,FRI,38284,161,37807,22.62,39.29,13.12,13.12,6.81,22.75,27.29,30.58,34.12,39.43,41.45,51.05,
37889,"Josh Hart",6500,SG/SF,NYK,MIL,160988,741892,,30,11.7,6.86,4.77,1.22,1.63,0.76,0.32,16.47,18.56,23.33,1.08,11.63,6.09,2.98,3.4,2.74,2.08,9.49,4.2,28.7,28.7,29.59,4.55,7.36%,127,134,FRI,38302,162,37889,22.4,37.7,10.44,10.44,4.57,22.19,26.38,29.59,32.55,37.48,39.45,49.07,
408821,"Mitchell Robinson",3800,C,NYK,MIL,160988,1076265,,19,5.45,8.03,0.85,0,0.65,0.47,0.84,6.3,13.48,14.33,1.31,8.88,3.07,2.09,0,2.93,1.27,3.07,2.09,19.64,19.64,19.1,5.03,1.00%,127,134,FRI,75317,163,408821,13.8,25.02,2.58,2.58,6.72,13.82,16.84,19.1,21.61,25.13,26.64,34.18,
408841,"Landry Shamet",3700,SG,NYK,MIL,160988,893100,,22.5,8.7,1.93,1.69,1.95,0.63,0.51,0.24,10.39,10.63,12.32,0.75,3.62,2.24,0.99,4.93,1.2,0.86,7.17,2.94,15.17,15.17,15.81,4.27,0.48%,127,134,FRI,75329,164,408841,9.84,22.66,1.45,1.45,4.04,9.88,13.09,15.81,18.28,22.48,24.21,31.62,
408842,"Mikal Bridges",6000,SF,NYK,MIL,160988,846400,,32,14.15,3.68,3.7,2.02,0.87,1.32,0.51,17.85,17.83,21.53,1.83,7.38,7.19,3.43,5.47,1.49,1.21,12.66,5.45,28.74,28.74,28.55,4.76,10.75%,127,134,FRI,75324,165,408842,20.99,36.91,11.37,11.37,10.56,21.22,25.27,28.55,31.83,36.89,39.16,48.76,
409062,"Jalen Brunson",9000,PG,NYK,MIL,160988,887914,,36,26.88,2.96,6.22,2.65,2.1,0.73,0.17,33.1,29.84,36.06,0.9,9.18,13.9,6.45,7.12,7.21,6.04,21.02,9.1,40.36,40.36,42.05,4.67,16.45%,127,134,FRI,75309,166,409062,32.84,52.08,11.08,11.08,8.91,32.5,37.92,42.05,45.4,51.63,54.17,65.27,
3015773,"Jose Alvarado",3500,PG,NYK,MIL,160988,1060919,,21.5,8.37,2.39,3.67,1.76,1.01,1.35,0.2,12.04,10.76,14.43,1.55,6.06,2.88,1.15,4.91,0.99,0.79,7.79,2.91,20.38,20.38,20.34,5.81,9.16%,127,134,FRI,73382,168,3015773,13.84,27.68,11.37,11.37,20.67,14.06,17.58,20.34,23.1,27.87,29.63,38.17,
3588016,"Jeremy Sochan",3100,SF/PF,NYK,MIL,160988,1342728,,6.5,1.44,0.94,0.45,0.1,0.16,0.06,0.17,1.89,2.38,2.83,0.23,1.39,1.06,0.46,0.38,0.34,0.24,1.44,0.56,3.77,3.77,3.72,1.2,0.05%,127,134,FRI,179331,169,3588016,1.33,6.98,0,0,0,1.33,2.66,3.72,5.05,6.91,7.71,11.96,
6413098,"Ariel Hukporti",3300,C,NYK,MIL,160988,1350535,,1.5,0.51,0.43,0.05,0,0.09,0,0.04,0.56,0.94,0.99,0.04,0.48,0.3,0.19,0,0.2,0.13,0.3,0.19,1.13,1.13,1.16,0.35,0.25%,127,134,FRI,449008,171,6413098,0.17,2.46,0,0,0,0,0,1.16,1.16,2.32,3.02,4.87,
8998505,"Mohamed Diawara",3000,PF,NYK,MIL,160988,1437712,,6.5,2.15,1.14,0.42,0.47,0.21,0.13,0.04,2.57,3.29,3.71,0.17,1.56,0.72,0.35,1.17,0.11,0.05,1.89,0.82,4.45,4.45,4.68,1.56,0.05%,127,134,FRI,622557,176,8998505,1.37,8.61,0,0,0,1.3,3.12,4.68,6.24,8.58,9.62,15.08,
37888,"Alex Caruso",3900,SF,OKC,DEN,160990,697644,,19.5,7.49,2.2,2.13,1.36,0.69,1.11,0.28,9.62,9.69,11.82,1.39,4.33,2.71,1.19,3.81,1.29,1.03,6.52,2.55,16.81,16.81,16.55,4.24,0.71%,148,145,FRI,38264,179,37888,10.68,23.26,1.49,1.49,3.44,10.69,14.26,16.55,19.1,23.17,24.95,33.1,
408990,"Shai Gilgeous-Alexander",10700,PG,OKC,DEN,160990,1067856,,29.5,28.94,3.59,5.72,1.68,1.68,1.05,0.58,34.66,32.53,38.25,1.63,9.31,14.12,7.53,4.46,9.98,8.84,18.58,9.21,45.04,45.04,45.3,4.23,4.95%,148,145,FRI,75300,180,408990,36.15,55.15,3.21,3.21,2.77,36.19,41.39,45.3,49.21,55.19,57.54,67.95,
570142,"Isaiah Hartenstein",6400,C,OKC,DEN,160990,1057004,,25.5,11.06,7.92,3.12,0,1.79,0.74,0.42,14.18,18.98,22.1,1.16,11.04,7.47,4.62,0,2.74,1.83,7.47,4.62,26.93,26.93,27.25,4.26,1.84%,148,145,FRI,76846,181,570142,20.58,34.75,1.95,1.95,1.87,20.44,24.22,27.25,30.03,34.57,36.59,44.66,
570179,"Kenrich Williams",4400,PF/C,OKC,DEN,160990,843742,,12,3.99,2.24,1.57,0.65,0.57,0.46,0.08,5.56,6.23,7.8,0.54,3.81,1.81,0.88,1.67,0.44,0.3,3.48,1.53,10.08,10.08,10.27,2.33,0.05%,148,145,FRI,76838,182,570179,5.81,15.54,0,0,0,5.65,8.22,10.27,12.07,15.41,16.43,22.6,
1153418,"Lu Dort",4500,SG,OKC,DEN,160990,1134693,,27.5,10.02,3.39,1.49,2.35,0.86,0.7,0.4,11.51,13.41,14.9,1.1,4.88,2.59,1.02,6.33,1.19,0.92,8.92,3.37,18.76,18.76,19.44,4.32,0.41%,148,145,FRI,87396,183,1153418,12.76,27.11,1.66,1.66,5.36,12.96,16.59,19.44,22.29,26.96,29.03,37.33,
2439149,"Isaiah Joe",5600,SG,OKC,DEN,160990,1134010,,20,9.78,2.24,1.31,2.4,0.61,0.64,0.33,11.09,12.02,13.33,0.97,3.55,1.68,0.75,5.8,1.23,1.07,7.48,3.15,16.73,16.73,17.38,3.1,0.05%,148,145,FRI,87355,184,2439149,10.94,24.86,0.09,0.09,0.3,10.89,14.53,17.38,20.23,25.16,27.24,36.06,
3005501,"Aaron Wiggins",5300,SF/PF,OKC,DEN,160990,1133788,,20,9.9,2.88,1.79,1.58,1.27,0.81,0.53,11.69,12.78,14.57,1.34,4.67,4.61,2.06,4.09,1.33,1.05,8.7,3.64,18.79,18.79,19.02,3.59,0.25%,148,145,FRI,70247,185,3005501,12.66,26.29,0.69,0.69,0.95,12.59,16.19,19.02,21.85,26.22,28.27,35.98,
3588097,"Jaylin Williams",5800,PF/C,OKC,DEN,160990,1231367,,17,6.69,4.1,2.5,1.37,0.99,0.49,0.62,9.19,10.79,13.29,1.11,6.6,1.71,0.76,3.8,1.41,1.08,5.51,2.13,17.7,17.7,17.98,3.1,0.35%,148,145,FRI,92186,186,3588097,12.07,24.72,0.17,0.17,0.1,11.82,15.27,17.98,20.44,24.63,26.13,33.75,
3588100,"Chet Holmgren",8600,PF,OKC,DEN,160990,1343009,,30,17.55,8.4,1.84,1.53,1.67,0.39,1.5,19.39,25.95,27.79,1.89,10.24,8.5,4.29,4.38,5.56,4.38,12.88,5.82,34.39,34.39,34.86,4.05,3.86%,148,145,FRI,179602,188,3588100,26.54,43.98,3.93,3.93,1.88,26.46,31.3,34.86,38.17,43.77,46.06,56.24,
4878543,"Cason Wallace",6700,SG/SF,OKC,DEN,160990,1408195,,29,10.11,3.06,2.65,1.65,1.18,1.4,0.43,12.76,13.17,15.82,1.83,5.71,4.87,2.25,4.55,0.88,0.66,9.42,3.9,22.07,22.07,21.81,3.26,0.41%,148,145,FRI,245049,189,4878543,14.98,29.47,0.24,0.24,0.14,15.06,18.69,21.81,24.93,29.86,31.44,39.99,
6413162,"Jared McCain",4000,PG/SG,OKC,DEN,160990,1458807,,10,4.97,1.38,1.03,0.81,0.66,0.22,0.04,6,6.35,7.38,0.26,2.41,2.08,0.92,2.08,0.81,0.71,4.16,1.73,8.29,8.29,8.84,2.21,0.21%,148,145,FRI,281664,192,6413162,4.52,14.15,0,0,0,4.68,6.76,8.84,10.92,14.04,15.34,21.84,
